"RBSU","species","state","n_observations","Occupancy","Total_cellcode_per_area","Occupancy_rel","level_of_invasion"
1,"Pontederia cordata","current",4,NA,107,NA,NA
1,"Houttuynia cordata","current",1,1,107,0.00934579439252336,"scattered occurrences only"
1,"Myriophyllum aquaticum","current",4,1,107,0.00934579439252336,"scattered occurrences only"
1,"Hydrocotyle ranunculoides","current",2,1,107,0.00934579439252336,"scattered occurrences only"
1,"Heracleum mantegazzianum","baseline",19,10,107,0.0934579439252336,"scattered occurrences only"
1,"Lysichiton americanus","current",2,NA,107,NA,NA
1,"Crassula helmsii","baseline",1,1,107,0.00934579439252336,"scattered occurrences only"
1,"Ludwigia peploides","current",5,NA,107,NA,NA
1,"Zizania latifolia","current",1,NA,107,NA,NA
1,"Hydrocotyle ranunculoides","baseline",1,1,107,0.00934579439252336,"scattered occurrences only"
1,"Myriophyllum aquaticum","baseline",1,1,107,0.00934579439252336,"scattered occurrences only"
1,"Heracleum mantegazzianum","current",9,10,107,0.0934579439252336,"scattered occurrences only"
1,"Houttuynia cordata","baseline",1,1,107,0.00934579439252336,"scattered occurrences only"
1,"Impatiens glandulifera","baseline",187,32,107,0.299065420560748,"heavily invaded"
1,"Impatiens glandulifera","current",46,32,107,0.299065420560748,"heavily invaded"
2,"Aponogeton distachyos","baseline",1,1,95,0.0105263157894737,"scattered occurrences only"
2,"Aponogeton distachyos","current",1,1,95,0.0105263157894737,"scattered occurrences only"
2,"Hydrocotyle ranunculoides","current",1,2,95,0.0210526315789474,"scattered occurrences only"
2,"Zizania latifolia","baseline",1,1,95,0.0105263157894737,"scattered occurrences only"
2,"Zizania latifolia","current",1,1,95,0.0105263157894737,"scattered occurrences only"
2,"Pontederia cordata","baseline",3,3,95,0.0315789473684211,"scattered occurrences only"
2,"Pontederia cordata","current",1,3,95,0.0315789473684211,"scattered occurrences only"
2,"Houttuynia cordata","baseline",3,3,95,0.0315789473684211,"scattered occurrences only"
2,"Houttuynia cordata","current",1,3,95,0.0315789473684211,"scattered occurrences only"
2,"Lysichiton americanus","current",1,NA,95,NA,NA
2,"Myriophyllum aquaticum","baseline",10,5,95,0.0526315789473684,"scattered occurrences only"
2,"Heracleum mantegazzianum","current",7,12,95,0.126315789473684,"weakly invaded"
2,"Ludwigia grandiflora","baseline",5,2,95,0.0210526315789474,"scattered occurrences only"
2,"Myriophyllum aquaticum","current",3,5,95,0.0526315789473684,"scattered occurrences only"
2,"Hydrocotyle ranunculoides","baseline",3,2,95,0.0210526315789474,"scattered occurrences only"
2,"Heracleum mantegazzianum","baseline",20,12,95,0.126315789473684,"weakly invaded"
2,"Koenigia polystachya","baseline",1,1,95,0.0105263157894737,"scattered occurrences only"
2,"Ludwigia grandiflora","current",1,2,95,0.0210526315789474,"scattered occurrences only"
2,"Impatiens glandulifera","current",3,18,95,0.189473684210526,"weakly invaded"
2,"Impatiens glandulifera","baseline",68,18,95,0.189473684210526,"weakly invaded"
3,"Heracleum mantegazzianum","current",1,2,69,0.0289855072463768,"scattered occurrences only"
3,"Heracleum mantegazzianum","baseline",3,2,69,0.0289855072463768,"scattered occurrences only"
3,"Impatiens glandulifera","baseline",35,10,69,0.144927536231884,"weakly invaded"
3,"Pontederia cordata","baseline",2,2,69,0.0289855072463768,"scattered occurrences only"
3,"Houttuynia cordata","baseline",1,1,69,0.0144927536231884,"scattered occurrences only"
4,"Lysichiton americanus","current",1,NA,59,NA,NA
4,"Pontederia cordata","current",1,2,59,0.0338983050847458,"scattered occurrences only"
4,"Hydrocotyle ranunculoides","current",1,NA,59,NA,NA
4,"Myriophyllum aquaticum","baseline",1,1,59,0.0169491525423729,"scattered occurrences only"
4,"Myriophyllum aquaticum","current",1,1,59,0.0169491525423729,"scattered occurrences only"
4,"Pontederia cordata","baseline",3,2,59,0.0338983050847458,"scattered occurrences only"
4,"Houttuynia cordata","current",1,NA,59,NA,NA
5,"Heracleum mantegazzianum","baseline",6,6,51,0.117647058823529,"weakly invaded"
5,"Erythranthe guttata","baseline",1,1,51,0.0196078431372549,"scattered occurrences only"
5,"Heracleum mantegazzianum","current",4,6,51,0.117647058823529,"weakly invaded"
5,"Lysichiton americanus","baseline",1,1,51,0.0196078431372549,"scattered occurrences only"
5,"Impatiens glandulifera","baseline",2,2,51,0.0392156862745098,"scattered occurrences only"
6,"Hydrocotyle ranunculoides","current",2,2,74,0.027027027027027,"scattered occurrences only"
6,"Heracleum mantegazzianum","baseline",25,17,74,0.22972972972973,"heavily invaded"
6,"Ludwigia grandiflora","baseline",2,1,74,0.0135135135135135,"scattered occurrences only"
6,"Lysichiton americanus","baseline",3,1,74,0.0135135135135135,"scattered occurrences only"
6,"Heracleum mantegazzianum","current",10,17,74,0.22972972972973,"heavily invaded"
6,"Hydrocotyle ranunculoides","baseline",3,2,74,0.027027027027027,"scattered occurrences only"
6,"Myriophyllum aquaticum","baseline",1,1,74,0.0135135135135135,"scattered occurrences only"
6,"Petasites japonicus","baseline",4,1,74,0.0135135135135135,"scattered occurrences only"
6,"Impatiens glandulifera","baseline",116,20,74,0.27027027027027,"heavily invaded"
7,"Myriophyllum aquaticum","current",2,2,116,0.0172413793103448,"scattered occurrences only"
7,"Myriophyllum aquaticum","baseline",2,2,116,0.0172413793103448,"scattered occurrences only"
7,"Heracleum mantegazzianum","current",8,15,116,0.129310344827586,"weakly invaded"
7,"Ludwigia peploides","baseline",1,1,116,0.00862068965517241,"scattered occurrences only"
7,"Procambarus clarkii","current",2,1,116,0.00862068965517241,"scattered occurrences only"
7,"Impatiens glandulifera","baseline",128,31,116,0.267241379310345,"heavily invaded"
7,"Lysichiton americanus","baseline",1,1,116,0.00862068965517241,"scattered occurrences only"
7,"Ludwigia grandiflora","baseline",2,1,116,0.00862068965517241,"scattered occurrences only"
7,"Aponogeton distachyos","baseline",1,1,116,0.00862068965517241,"scattered occurrences only"
7,"Saururus cernuus","baseline",1,1,116,0.00862068965517241,"scattered occurrences only"
7,"Crassula helmsii","current",2,2,116,0.0172413793103448,"scattered occurrences only"
7,"Heracleum mantegazzianum","baseline",22,15,116,0.129310344827586,"weakly invaded"
7,"Pontederia cordata","baseline",4,4,116,0.0344827586206897,"scattered occurrences only"
7,"Ludwigia grandiflora","current",1,1,116,0.00862068965517241,"scattered occurrences only"
7,"Procambarus clarkii","baseline",3,1,116,0.00862068965517241,"scattered occurrences only"
7,"Impatiens glandulifera","current",94,31,116,0.267241379310345,"heavily invaded"
7,"Houttuynia cordata","baseline",2,2,116,0.0172413793103448,"scattered occurrences only"
7,"Hydrocotyle ranunculoides","baseline",8,3,116,0.0258620689655172,"scattered occurrences only"
7,"Hydrocotyle ranunculoides","current",1,3,116,0.0258620689655172,"scattered occurrences only"
7,"Lysichiton americanus","current",1,1,116,0.00862068965517241,"scattered occurrences only"
7,"Crassula helmsii","baseline",5,2,116,0.0172413793103448,"scattered occurrences only"
8,"Crassula helmsii","baseline",3,2,108,0.0185185185185185,"scattered occurrences only"
8,"Hydrocotyle ranunculoides","baseline",1,1,108,0.00925925925925926,"scattered occurrences only"
8,"Myriophyllum aquaticum","baseline",2,1,108,0.00925925925925926,"scattered occurrences only"
8,"Heracleum mantegazzianum","current",4,12,108,0.111111111111111,"weakly invaded"
8,"Heracleum mantegazzianum","baseline",23,12,108,0.111111111111111,"weakly invaded"
8,"Myriophyllum aquaticum","current",1,1,108,0.00925925925925926,"scattered occurrences only"
8,"Lysichiton americanus","current",5,3,108,0.0277777777777778,"scattered occurrences only"
8,"Ludwigia grandiflora","baseline",1,1,108,0.00925925925925926,"scattered occurrences only"
8,"Procambarus clarkii","current",2,NA,108,NA,NA
8,"Lysichiton americanus","baseline",6,3,108,0.0277777777777778,"scattered occurrences only"
8,"Impatiens glandulifera","current",36,23,108,0.212962962962963,"heavily invaded"
8,"Pontederia cordata","baseline",2,2,108,0.0185185185185185,"scattered occurrences only"
8,"Aponogeton distachyos","baseline",1,1,108,0.00925925925925926,"scattered occurrences only"
8,"Koenigia polystachya","current",1,NA,108,NA,NA
8,"Petasites japonicus","baseline",3,1,108,0.00925925925925926,"scattered occurrences only"
8,"Impatiens glandulifera","baseline",147,23,108,0.212962962962963,"heavily invaded"
9,"Impatiens glandulifera","baseline",48,14,70,0.2,"weakly invaded"
9,"Heracleum mantegazzianum","baseline",18,12,70,0.171428571428571,"weakly invaded"
9,"Lysichiton americanus","current",1,2,70,0.0285714285714286,"scattered occurrences only"
9,"Impatiens glandulifera","current",11,14,70,0.2,"weakly invaded"
9,"Petasites japonicus","baseline",1,1,70,0.0142857142857143,"scattered occurrences only"
9,"Hydrocotyle ranunculoides","current",6,6,70,0.0857142857142857,"scattered occurrences only"
9,"Ludwigia grandiflora","baseline",1,1,70,0.0142857142857143,"scattered occurrences only"
9,"Pontederia cordata","baseline",1,1,70,0.0142857142857143,"scattered occurrences only"
9,"Crassula helmsii","current",3,4,70,0.0571428571428571,"scattered occurrences only"
9,"Crassula helmsii","baseline",9,4,70,0.0571428571428571,"scattered occurrences only"
9,"Zizania latifolia","current",1,1,70,0.0142857142857143,"scattered occurrences only"
9,"Houttuynia cordata","baseline",1,1,70,0.0142857142857143,"scattered occurrences only"
9,"Lysichiton americanus","baseline",2,2,70,0.0285714285714286,"scattered occurrences only"
9,"Myriophyllum aquaticum","current",1,NA,70,NA,NA
9,"Heracleum mantegazzianum","current",14,12,70,0.171428571428571,"weakly invaded"
9,"Hydrocotyle ranunculoides","baseline",22,6,70,0.0857142857142857,"scattered occurrences only"
9,"Zizania latifolia","baseline",1,1,70,0.0142857142857143,"scattered occurrences only"
9,"Ludwigia grandiflora","current",2,1,70,0.0142857142857143,"scattered occurrences only"
10,"Impatiens glandulifera","baseline",59,14,85,0.164705882352941,"weakly invaded"
10,"Saururus cernuus","baseline",1,1,85,0.0117647058823529,"scattered occurrences only"
10,"Heracleum mantegazzianum","current",24,14,85,0.164705882352941,"weakly invaded"
10,"Heracleum mantegazzianum","baseline",65,14,85,0.164705882352941,"weakly invaded"
10,"Myriophyllum aquaticum","current",1,1,85,0.0117647058823529,"scattered occurrences only"
10,"Procambarus clarkii","current",9,NA,85,NA,NA
10,"Myriophyllum aquaticum","baseline",2,1,85,0.0117647058823529,"scattered occurrences only"
10,"Crassula helmsii","baseline",1,1,85,0.0117647058823529,"scattered occurrences only"
10,"Lagarosiphon major","baseline",1,1,85,0.0117647058823529,"scattered occurrences only"
10,"Pontederia cordata","baseline",6,5,85,0.0588235294117647,"scattered occurrences only"
11,"Hydrocotyle ranunculoides","current",4,2,112,0.0178571428571429,"scattered occurrences only"
11,"Erythranthe guttata","baseline",3,3,112,0.0267857142857143,"scattered occurrences only"
11,"Impatiens glandulifera","baseline",297,37,112,0.330357142857143,"heavily invaded"
11,"Heracleum mantegazzianum","baseline",50,18,112,0.160714285714286,"weakly invaded"
11,"Heracleum mantegazzianum","current",21,18,112,0.160714285714286,"weakly invaded"
11,"Impatiens glandulifera","current",76,37,112,0.330357142857143,"heavily invaded"
11,"Myriophyllum aquaticum","baseline",1,1,112,0.00892857142857143,"scattered occurrences only"
11,"Hydrocotyle ranunculoides","baseline",3,2,112,0.0178571428571429,"scattered occurrences only"
12,"Impatiens glandulifera","current",44,22,63,0.349206349206349,"heavily invaded"
12,"Pontederia cordata","baseline",1,1,63,0.0158730158730159,"scattered occurrences only"
12,"Hydrocotyle ranunculoides","baseline",1,1,63,0.0158730158730159,"scattered occurrences only"
12,"Lysichiton americanus","baseline",1,1,63,0.0158730158730159,"scattered occurrences only"
12,"Impatiens glandulifera","baseline",312,22,63,0.349206349206349,"heavily invaded"
12,"Heracleum mantegazzianum","baseline",6,4,63,0.0634920634920635,"scattered occurrences only"
12,"Crassula helmsii","current",1,3,63,0.0476190476190476,"scattered occurrences only"
12,"Koenigia polystachya","current",1,NA,63,NA,NA
12,"Heracleum mantegazzianum","current",1,4,63,0.0634920634920635,"scattered occurrences only"
12,"Crassula helmsii","baseline",7,3,63,0.0476190476190476,"scattered occurrences only"
13,"Impatiens glandulifera","baseline",246,21,56,0.375,"heavily invaded"
13,"Hydrocotyle ranunculoides","baseline",18,4,56,0.0714285714285714,"scattered occurrences only"
13,"Heracleum mantegazzianum","current",3,7,56,0.125,"weakly invaded"
13,"Heracleum mantegazzianum","baseline",9,7,56,0.125,"weakly invaded"
13,"Crassula helmsii","baseline",20,2,56,0.0357142857142857,"scattered occurrences only"
13,"Impatiens glandulifera","current",60,21,56,0.375,"heavily invaded"
14,"Petasites japonicus","baseline",1,1,82,0.0121951219512195,"scattered occurrences only"
14,"Impatiens glandulifera","baseline",8,5,82,0.0609756097560976,"scattered occurrences only"
14,"Houttuynia cordata","baseline",1,1,82,0.0121951219512195,"scattered occurrences only"
14,"Heracleum mantegazzianum","baseline",130,22,82,0.268292682926829,"heavily invaded"
14,"Heracleum mantegazzianum","current",46,22,82,0.268292682926829,"heavily invaded"
14,"Myriophyllum aquaticum","baseline",6,2,82,0.024390243902439,"scattered occurrences only"
14,"Hydrocotyle ranunculoides","baseline",1,1,82,0.0121951219512195,"scattered occurrences only"
14,"Impatiens glandulifera","current",5,5,82,0.0609756097560976,"scattered occurrences only"
15,"Heracleum mantegazzianum","baseline",18,9,41,0.219512195121951,"heavily invaded"
15,"Erythranthe guttata","baseline",2,2,41,0.0487804878048781,"scattered occurrences only"
15,"Ludwigia grandiflora","baseline",20,4,41,0.0975609756097561,"scattered occurrences only"
15,"Heracleum mantegazzianum","current",11,9,41,0.219512195121951,"heavily invaded"
15,"Ludwigia grandiflora","current",1,4,41,0.0975609756097561,"scattered occurrences only"
15,"Impatiens glandulifera","current",73,16,41,0.390243902439024,"heavily invaded"
15,"Impatiens glandulifera","baseline",235,16,41,0.390243902439024,"heavily invaded"
16,"Impatiens glandulifera","baseline",41,10,66,0.151515151515152,"weakly invaded"
16,"Crassula helmsii","baseline",11,4,66,0.0606060606060606,"scattered occurrences only"
16,"Impatiens glandulifera","current",14,10,66,0.151515151515152,"weakly invaded"
16,"Heracleum mantegazzianum","baseline",54,11,66,0.166666666666667,"weakly invaded"
16,"Crassula helmsii","current",1,4,66,0.0606060606060606,"scattered occurrences only"
16,"Erythranthe guttata","baseline",2,2,66,0.0303030303030303,"scattered occurrences only"
16,"Hydrocotyle ranunculoides","baseline",11,4,66,0.0606060606060606,"scattered occurrences only"
16,"Heracleum mantegazzianum","current",6,11,66,0.166666666666667,"weakly invaded"
17,"Crassula helmsii","baseline",7,4,48,0.0833333333333333,"scattered occurrences only"
17,"Ludwigia grandiflora","baseline",1,1,48,0.0208333333333333,"scattered occurrences only"
17,"Crassula helmsii","current",9,4,48,0.0833333333333333,"scattered occurrences only"
17,"Impatiens glandulifera","current",34,9,48,0.1875,"weakly invaded"
17,"Procambarus virginalis","current",27,NA,48,NA,NA
17,"Heracleum mantegazzianum","baseline",158,17,48,0.354166666666667,"heavily invaded"
17,"Lysichiton americanus","baseline",2,1,48,0.0208333333333333,"scattered occurrences only"
17,"Heracleum mantegazzianum","current",41,17,48,0.354166666666667,"heavily invaded"
17,"Impatiens glandulifera","baseline",97,9,48,0.1875,"weakly invaded"
17,"Houttuynia cordata","current",1,NA,48,NA,NA
18,"Erythranthe guttata","baseline",2,1,74,0.0135135135135135,"scattered occurrences only"
18,"Heracleum mantegazzianum","baseline",95,16,74,0.216216216216216,"heavily invaded"
18,"Ludwigia grandiflora","baseline",57,10,74,0.135135135135135,"weakly invaded"
18,"Heracleum mantegazzianum","current",17,16,74,0.216216216216216,"heavily invaded"
18,"Impatiens glandulifera","current",7,14,74,0.189189189189189,"weakly invaded"
18,"Impatiens glandulifera","baseline",51,14,74,0.189189189189189,"weakly invaded"
18,"Hydrocotyle ranunculoides","baseline",7,3,74,0.0405405405405405,"scattered occurrences only"
18,"Hydrocotyle ranunculoides","current",3,3,74,0.0405405405405405,"scattered occurrences only"
18,"Ludwigia grandiflora","current",1,10,74,0.135135135135135,"weakly invaded"
19,"Hydrocotyle ranunculoides","baseline",6,3,94,0.0319148936170213,"scattered occurrences only"
19,"Lysichiton americanus","baseline",2,2,94,0.0212765957446809,"scattered occurrences only"
19,"Pontederia cordata","baseline",6,3,94,0.0319148936170213,"scattered occurrences only"
19,"Heracleum mantegazzianum","baseline",32,16,94,0.170212765957447,"weakly invaded"
19,"Hydrocotyle ranunculoides","current",5,3,94,0.0319148936170213,"scattered occurrences only"
19,"Ludwigia grandiflora","baseline",19,5,94,0.0531914893617021,"scattered occurrences only"
19,"Aponogeton distachyos","current",1,1,94,0.0106382978723404,"scattered occurrences only"
19,"Myriophyllum aquaticum","baseline",9,5,94,0.0531914893617021,"scattered occurrences only"
19,"Crassula helmsii","baseline",6,2,94,0.0212765957446809,"scattered occurrences only"
19,"Aponogeton distachyos","baseline",1,1,94,0.0106382978723404,"scattered occurrences only"
19,"Pontederia cordata","current",2,3,94,0.0319148936170213,"scattered occurrences only"
19,"Erythranthe guttata","baseline",1,1,94,0.0106382978723404,"scattered occurrences only"
19,"Impatiens glandulifera","baseline",10,5,94,0.0531914893617021,"scattered occurrences only"
19,"Erythranthe guttata","current",1,1,94,0.0106382978723404,"scattered occurrences only"
19,"Heracleum mantegazzianum","current",14,16,94,0.170212765957447,"weakly invaded"
19,"Crassula helmsii","current",1,2,94,0.0212765957446809,"scattered occurrences only"
20,"Impatiens glandulifera","baseline",26,10,101,0.099009900990099,"scattered occurrences only"
20,"Ludwigia grandiflora","current",2,1,101,0.0099009900990099,"scattered occurrences only"
20,"Ludwigia grandiflora","baseline",2,1,101,0.0099009900990099,"scattered occurrences only"
20,"Hydrocotyle ranunculoides","baseline",1,1,101,0.0099009900990099,"scattered occurrences only"
20,"Heracleum mantegazzianum","current",13,16,101,0.158415841584158,"weakly invaded"
20,"Crassula helmsii","current",1,NA,101,NA,NA
20,"Impatiens glandulifera","current",5,10,101,0.099009900990099,"scattered occurrences only"
20,"Lysichiton americanus","baseline",1,1,101,0.0099009900990099,"scattered occurrences only"
20,"Heracleum mantegazzianum","baseline",104,16,101,0.158415841584158,"weakly invaded"
21,"Pontederia cordata","baseline",3,2,114,0.0175438596491228,"scattered occurrences only"
21,"Myriophyllum aquaticum","baseline",3,3,114,0.0263157894736842,"scattered occurrences only"
21,"Impatiens glandulifera","current",58,24,114,0.210526315789474,"heavily invaded"
21,"Pontederia cordata","current",3,2,114,0.0175438596491228,"scattered occurrences only"
21,"Procambarus clarkii","baseline",3,2,114,0.0175438596491228,"scattered occurrences only"
21,"Ludwigia grandiflora","baseline",9,6,114,0.0526315789473684,"scattered occurrences only"
21,"Crassula helmsii","current",1,2,114,0.0175438596491228,"scattered occurrences only"
21,"Hydrocotyle ranunculoides","baseline",3,2,114,0.0175438596491228,"scattered occurrences only"
21,"Petasites japonicus","baseline",2,1,114,0.0087719298245614,"scattered occurrences only"
21,"Heracleum mantegazzianum","current",26,11,114,0.0964912280701754,"scattered occurrences only"
21,"Impatiens glandulifera","baseline",141,24,114,0.210526315789474,"heavily invaded"
21,"Crassula helmsii","baseline",3,2,114,0.0175438596491228,"scattered occurrences only"
21,"Ludwigia grandiflora","current",3,6,114,0.0526315789473684,"scattered occurrences only"
21,"Erythranthe guttata","baseline",2,2,114,0.0175438596491228,"scattered occurrences only"
21,"Koenigia polystachya","baseline",2,1,114,0.0087719298245614,"scattered occurrences only"
21,"Erythranthe guttata","current",1,2,114,0.0175438596491228,"scattered occurrences only"
21,"Procambarus clarkii","current",88,2,114,0.0175438596491228,"scattered occurrences only"
21,"Heracleum mantegazzianum","baseline",61,11,114,0.0964912280701754,"scattered occurrences only"
22,"Crassula helmsii","baseline",5,2,65,0.0307692307692308,"scattered occurrences only"
22,"Pontederia cordata","current",1,NA,65,NA,NA
22,"Myriophyllum aquaticum","baseline",19,7,65,0.107692307692308,"weakly invaded"
22,"Myriophyllum aquaticum","current",14,7,65,0.107692307692308,"weakly invaded"
22,"Elodea densa","baseline",2,2,65,0.0307692307692308,"scattered occurrences only"
22,"Impatiens glandulifera","baseline",11,7,65,0.107692307692308,"weakly invaded"
22,"Heracleum mantegazzianum","current",3,3,65,0.0461538461538462,"scattered occurrences only"
22,"Impatiens glandulifera","current",11,7,65,0.107692307692308,"weakly invaded"
22,"Hydrocotyle ranunculoides","baseline",3,3,65,0.0461538461538462,"scattered occurrences only"
22,"Heracleum mantegazzianum","baseline",8,3,65,0.0461538461538462,"scattered occurrences only"
22,"Ludwigia grandiflora","baseline",3,1,65,0.0153846153846154,"scattered occurrences only"
22,"Hydrocotyle ranunculoides","current",2,3,65,0.0461538461538462,"scattered occurrences only"
23,"Crassula helmsii","baseline",20,6,175,0.0342857142857143,"scattered occurrences only"
23,"Pontederia cordata","baseline",1,1,175,0.00571428571428571,"scattered occurrences only"
23,"Ludwigia grandiflora","baseline",34,12,175,0.0685714285714286,"scattered occurrences only"
23,"Crassula helmsii","current",14,6,175,0.0342857142857143,"scattered occurrences only"
23,"Ludwigia grandiflora","current",10,12,175,0.0685714285714286,"scattered occurrences only"
23,"Impatiens glandulifera","baseline",246,48,175,0.274285714285714,"heavily invaded"
23,"Heracleum mantegazzianum","baseline",34,12,175,0.0685714285714286,"scattered occurrences only"
23,"Impatiens glandulifera","current",47,48,175,0.274285714285714,"heavily invaded"
23,"Heracleum mantegazzianum","current",12,12,175,0.0685714285714286,"scattered occurrences only"
23,"Erythranthe guttata","current",3,2,175,0.0114285714285714,"scattered occurrences only"
23,"Erythranthe guttata","baseline",2,2,175,0.0114285714285714,"scattered occurrences only"
23,"Myriophyllum aquaticum","current",12,16,175,0.0914285714285714,"scattered occurrences only"
23,"Hydrocotyle ranunculoides","current",1,12,175,0.0685714285714286,"scattered occurrences only"
23,"Myriophyllum aquaticum","baseline",52,16,175,0.0914285714285714,"scattered occurrences only"
23,"Hydrocotyle ranunculoides","baseline",50,12,175,0.0685714285714286,"scattered occurrences only"
23,"Houttuynia cordata","baseline",1,1,175,0.00571428571428571,"scattered occurrences only"
24,"Impatiens glandulifera","baseline",2,2,58,0.0344827586206897,"scattered occurrences only"
24,"Crassula helmsii","baseline",1,1,58,0.0172413793103448,"scattered occurrences only"
24,"Myriophyllum aquaticum","baseline",7,2,58,0.0344827586206897,"scattered occurrences only"
24,"Impatiens glandulifera","current",1,2,58,0.0344827586206897,"scattered occurrences only"
24,"Procambarus clarkii","baseline",2,2,58,0.0344827586206897,"scattered occurrences only"
25,"Procambarus clarkii","current",40,2,68,0.0294117647058824,"scattered occurrences only"
25,"Ludwigia grandiflora","baseline",21,5,68,0.0735294117647059,"scattered occurrences only"
25,"Impatiens glandulifera","current",1,5,68,0.0735294117647059,"scattered occurrences only"
25,"Impatiens glandulifera","baseline",6,5,68,0.0735294117647059,"scattered occurrences only"
25,"Procambarus clarkii","baseline",8,2,68,0.0294117647058824,"scattered occurrences only"
25,"Heracleum mantegazzianum","baseline",1,1,68,0.0147058823529412,"scattered occurrences only"
25,"Ludwigia grandiflora","current",6,5,68,0.0735294117647059,"scattered occurrences only"
25,"Myriophyllum aquaticum","baseline",2,1,68,0.0147058823529412,"scattered occurrences only"
25,"Hydrocotyle ranunculoides","baseline",2,1,68,0.0147058823529412,"scattered occurrences only"
26,"Heracleum mantegazzianum","baseline",1,1,98,0.0102040816326531,"scattered occurrences only"
26,"Procambarus clarkii","current",1,NA,98,NA,NA
26,"Impatiens glandulifera","baseline",45,11,98,0.112244897959184,"weakly invaded"
26,"Impatiens glandulifera","current",7,11,98,0.112244897959184,"weakly invaded"
26,"Crassula helmsii","baseline",1,1,98,0.0102040816326531,"scattered occurrences only"
26,"Pontederia cordata","baseline",1,1,98,0.0102040816326531,"scattered occurrences only"
27,"Impatiens glandulifera","baseline",31,7,48,0.145833333333333,"weakly invaded"
27,"Ludwigia grandiflora","baseline",1,1,48,0.0208333333333333,"scattered occurrences only"
27,"Heracleum mantegazzianum","current",1,1,48,0.0208333333333333,"scattered occurrences only"
27,"Myriophyllum aquaticum","baseline",1,1,48,0.0208333333333333,"scattered occurrences only"
27,"Heracleum mantegazzianum","baseline",1,1,48,0.0208333333333333,"scattered occurrences only"
27,"Hydrocotyle ranunculoides","baseline",2,1,48,0.0208333333333333,"scattered occurrences only"
27,"Impatiens glandulifera","current",1,7,48,0.145833333333333,"weakly invaded"
27,"Hydrocotyle ranunculoides","current",1,1,48,0.0208333333333333,"scattered occurrences only"
28,"Heracleum mantegazzianum","baseline",8,3,82,0.0365853658536585,"scattered occurrences only"
28,"Hydrocotyle ranunculoides","baseline",16,6,82,0.0731707317073171,"scattered occurrences only"
28,"Pontederia cordata","current",1,NA,82,NA,NA
28,"Heracleum mantegazzianum","current",13,3,82,0.0365853658536585,"scattered occurrences only"
28,"Ludwigia peploides","current",2,NA,82,NA,NA
28,"Hydrocotyle ranunculoides","current",1,6,82,0.0731707317073171,"scattered occurrences only"
28,"Impatiens glandulifera","current",2,14,82,0.170731707317073,"weakly invaded"
28,"Impatiens glandulifera","baseline",89,14,82,0.170731707317073,"weakly invaded"
29,"Lysichiton americanus","baseline",1,1,72,0.0138888888888889,"scattered occurrences only"
29,"Pontederia cordata","baseline",1,1,72,0.0138888888888889,"scattered occurrences only"
29,"Pontederia cordata","current",1,1,72,0.0138888888888889,"scattered occurrences only"
29,"Impatiens glandulifera","baseline",5,5,72,0.0694444444444444,"scattered occurrences only"
29,"Heracleum mantegazzianum","current",1,NA,72,NA,NA
29,"Impatiens glandulifera","current",1,5,72,0.0694444444444444,"scattered occurrences only"
29,"Hydrocotyle ranunculoides","baseline",1,1,72,0.0138888888888889,"scattered occurrences only"
29,"Crassula helmsii","current",1,NA,72,NA,NA
30,"Impatiens glandulifera","baseline",3,3,45,0.0666666666666667,"scattered occurrences only"
30,"Pontederia cordata","baseline",1,1,45,0.0222222222222222,"scattered occurrences only"
30,"Ludwigia grandiflora","current",2,NA,45,NA,NA
30,"Impatiens glandulifera","current",4,3,45,0.0666666666666667,"scattered occurrences only"
31,"Impatiens glandulifera","baseline",1,1,49,0.0204081632653061,"scattered occurrences only"
31,"Ludwigia grandiflora","baseline",8,2,49,0.0408163265306122,"scattered occurrences only"
31,"Hydrocotyle ranunculoides","baseline",1,1,49,0.0204081632653061,"scattered occurrences only"
31,"Impatiens glandulifera","current",3,1,49,0.0204081632653061,"scattered occurrences only"
31,"Ludwigia grandiflora","current",10,2,49,0.0408163265306122,"scattered occurrences only"
32,"Impatiens glandulifera","current",7,11,56,0.196428571428571,"weakly invaded"
32,"Heracleum mantegazzianum","current",2,1,56,0.0178571428571429,"scattered occurrences only"
32,"Pontederia cordata","current",1,NA,56,NA,NA
32,"Heracleum mantegazzianum","baseline",1,1,56,0.0178571428571429,"scattered occurrences only"
32,"Myriophyllum aquaticum","baseline",1,1,56,0.0178571428571429,"scattered occurrences only"
32,"Impatiens glandulifera","baseline",21,11,56,0.196428571428571,"weakly invaded"
33,"Crassula helmsii","baseline",5,2,49,0.0408163265306122,"scattered occurrences only"
33,"Pontederia cordata","baseline",1,1,49,0.0204081632653061,"scattered occurrences only"
33,"Erythranthe guttata","baseline",1,1,49,0.0204081632653061,"scattered occurrences only"
33,"Heracleum mantegazzianum","baseline",6,3,49,0.0612244897959184,"scattered occurrences only"
33,"Crassula helmsii","current",2,2,49,0.0408163265306122,"scattered occurrences only"
33,"Ludwigia grandiflora","baseline",2,1,49,0.0204081632653061,"scattered occurrences only"
33,"Impatiens glandulifera","current",10,8,49,0.163265306122449,"weakly invaded"
33,"Myriophyllum aquaticum","baseline",2,1,49,0.0204081632653061,"scattered occurrences only"
33,"Myriophyllum aquaticum","current",1,1,49,0.0204081632653061,"scattered occurrences only"
33,"Elodea densa","baseline",2,1,49,0.0204081632653061,"scattered occurrences only"
33,"Impatiens glandulifera","baseline",23,8,49,0.163265306122449,"weakly invaded"
34,"Impatiens glandulifera","baseline",13,7,66,0.106060606060606,"weakly invaded"
34,"Pontederia cordata","baseline",4,2,66,0.0303030303030303,"scattered occurrences only"
34,"Aponogeton distachyos","baseline",1,1,66,0.0151515151515152,"scattered occurrences only"
34,"Heracleum mantegazzianum","baseline",2,2,66,0.0303030303030303,"scattered occurrences only"
34,"Houttuynia cordata","baseline",1,1,66,0.0151515151515152,"scattered occurrences only"
34,"Impatiens glandulifera","current",5,7,66,0.106060606060606,"weakly invaded"
35,"Impatiens glandulifera","current",13,14,39,0.358974358974359,"heavily invaded"
35,"Ludwigia grandiflora","baseline",1,1,39,0.0256410256410256,"scattered occurrences only"
35,"Pontederia cordata","baseline",1,1,39,0.0256410256410256,"scattered occurrences only"
35,"Myriophyllum aquaticum","baseline",1,1,39,0.0256410256410256,"scattered occurrences only"
35,"Lagarosiphon major","baseline",1,1,39,0.0256410256410256,"scattered occurrences only"
35,"Heracleum mantegazzianum","baseline",3,3,39,0.0769230769230769,"scattered occurrences only"
35,"Crassula helmsii","baseline",1,1,39,0.0256410256410256,"scattered occurrences only"
35,"Heracleum mantegazzianum","current",3,3,39,0.0769230769230769,"scattered occurrences only"
35,"Impatiens glandulifera","baseline",28,14,39,0.358974358974359,"heavily invaded"
35,"Hydrocotyle ranunculoides","baseline",1,1,39,0.0256410256410256,"scattered occurrences only"
36,"Hydrocotyle ranunculoides","baseline",1,1,42,0.0238095238095238,"scattered occurrences only"
36,"Pontederia cordata","current",1,NA,42,NA,NA
36,"Heracleum mantegazzianum","baseline",4,3,42,0.0714285714285714,"scattered occurrences only"
36,"Impatiens glandulifera","baseline",103,15,42,0.357142857142857,"heavily invaded"
36,"Houttuynia cordata","baseline",1,1,42,0.0238095238095238,"scattered occurrences only"
36,"Heracleum mantegazzianum","current",3,3,42,0.0714285714285714,"scattered occurrences only"
36,"Myriophyllum aquaticum","current",1,NA,42,NA,NA
36,"Impatiens glandulifera","current",12,15,42,0.357142857142857,"heavily invaded"
36,"Lysichiton americanus","baseline",4,2,42,0.0476190476190476,"scattered occurrences only"
37,"Pontederia cordata","current",2,5,83,0.0602409638554217,"scattered occurrences only"
37,"Lysichiton americanus","current",1,1,83,0.0120481927710843,"scattered occurrences only"
37,"Pontederia cordata","baseline",6,5,83,0.0602409638554217,"scattered occurrences only"
37,"Saururus cernuus","baseline",1,1,83,0.0120481927710843,"scattered occurrences only"
37,"Houttuynia cordata","baseline",1,1,83,0.0120481927710843,"scattered occurrences only"
37,"Elodea densa","current",2,1,83,0.0120481927710843,"scattered occurrences only"
37,"Myriophyllum aquaticum","baseline",1,1,83,0.0120481927710843,"scattered occurrences only"
37,"Aponogeton distachyos","baseline",1,1,83,0.0120481927710843,"scattered occurrences only"
37,"Heracleum mantegazzianum","current",18,6,83,0.072289156626506,"scattered occurrences only"
37,"Heracleum mantegazzianum","baseline",10,6,83,0.072289156626506,"scattered occurrences only"
37,"Impatiens glandulifera","current",5,8,83,0.0963855421686747,"scattered occurrences only"
37,"Crassula helmsii","baseline",4,4,83,0.0481927710843374,"scattered occurrences only"
37,"Lysichiton americanus","baseline",1,1,83,0.0120481927710843,"scattered occurrences only"
37,"Elodea densa","baseline",1,1,83,0.0120481927710843,"scattered occurrences only"
37,"Hydrocotyle ranunculoides","baseline",4,2,83,0.0240963855421687,"scattered occurrences only"
37,"Impatiens glandulifera","baseline",36,8,83,0.0963855421686747,"scattered occurrences only"
38,"Impatiens glandulifera","baseline",164,30,113,0.265486725663717,"heavily invaded"
38,"Crassula helmsii","current",1,1,113,0.00884955752212389,"scattered occurrences only"
38,"Myriophyllum aquaticum","baseline",1,1,113,0.00884955752212389,"scattered occurrences only"
38,"Erythranthe guttata","current",6,NA,113,NA,NA
38,"Heracleum mantegazzianum","current",5,11,113,0.0973451327433628,"scattered occurrences only"
38,"Heracleum mantegazzianum","baseline",14,11,113,0.0973451327433628,"scattered occurrences only"
38,"Myriophyllum aquaticum","current",2,1,113,0.00884955752212389,"scattered occurrences only"
38,"Impatiens glandulifera","current",37,30,113,0.265486725663717,"heavily invaded"
38,"Crassula helmsii","baseline",1,1,113,0.00884955752212389,"scattered occurrences only"
39,"Myriophyllum aquaticum","baseline",1,1,44,0.0227272727272727,"scattered occurrences only"
39,"Hydrocotyle ranunculoides","baseline",1,1,44,0.0227272727272727,"scattered occurrences only"
39,"Impatiens glandulifera","current",63,18,44,0.409090909090909,"heavily invaded"
39,"Heracleum mantegazzianum","baseline",1,1,44,0.0227272727272727,"scattered occurrences only"
39,"Erythranthe guttata","baseline",2,1,44,0.0227272727272727,"scattered occurrences only"
39,"Ludwigia grandiflora","baseline",1,1,44,0.0227272727272727,"scattered occurrences only"
39,"Impatiens glandulifera","baseline",90,18,44,0.409090909090909,"heavily invaded"
39,"Erythranthe guttata","current",8,1,44,0.0227272727272727,"scattered occurrences only"
40,"Crassula helmsii","baseline",7,2,54,0.037037037037037,"scattered occurrences only"
40,"Heracleum mantegazzianum","baseline",5,3,54,0.0555555555555556,"scattered occurrences only"
40,"Impatiens glandulifera","baseline",97,21,54,0.388888888888889,"heavily invaded"
40,"Erythranthe guttata","current",1,NA,54,NA,NA
40,"Myriophyllum aquaticum","baseline",3,1,54,0.0185185185185185,"scattered occurrences only"
40,"Hydrocotyle ranunculoides","baseline",1,1,54,0.0185185185185185,"scattered occurrences only"
40,"Myriophyllum aquaticum","current",1,1,54,0.0185185185185185,"scattered occurrences only"
40,"Heracleum mantegazzianum","current",3,3,54,0.0555555555555556,"scattered occurrences only"
40,"Impatiens glandulifera","current",78,21,54,0.388888888888889,"heavily invaded"
41,"Erythranthe guttata","current",1,2,70,0.0285714285714286,"scattered occurrences only"
41,"Myriophyllum aquaticum","baseline",1,1,70,0.0142857142857143,"scattered occurrences only"
41,"Impatiens glandulifera","baseline",156,21,70,0.3,"heavily invaded"
41,"Erythranthe guttata","baseline",5,2,70,0.0285714285714286,"scattered occurrences only"
41,"Lysichiton americanus","baseline",3,1,70,0.0142857142857143,"scattered occurrences only"
41,"Impatiens glandulifera","current",16,21,70,0.3,"heavily invaded"
41,"Heracleum mantegazzianum","current",3,16,70,0.228571428571429,"heavily invaded"
41,"Heracleum mantegazzianum","baseline",35,16,70,0.228571428571429,"heavily invaded"
42,"Myriophyllum aquaticum","current",7,3,56,0.0535714285714286,"scattered occurrences only"
42,"Heracleum mantegazzianum","current",3,10,56,0.178571428571429,"weakly invaded"
42,"Koenigia polystachya","baseline",1,1,56,0.0178571428571429,"scattered occurrences only"
42,"Erythranthe guttata","current",11,1,56,0.0178571428571429,"scattered occurrences only"
42,"Zizania latifolia","baseline",18,1,56,0.0178571428571429,"scattered occurrences only"
42,"Impatiens glandulifera","baseline",65,14,56,0.25,"heavily invaded"
42,"Myriophyllum aquaticum","baseline",26,3,56,0.0535714285714286,"scattered occurrences only"
42,"Impatiens glandulifera","current",18,14,56,0.25,"heavily invaded"
42,"Zizania latifolia","current",5,1,56,0.0178571428571429,"scattered occurrences only"
42,"Heracleum mantegazzianum","baseline",25,10,56,0.178571428571429,"weakly invaded"
42,"Erythranthe guttata","baseline",32,1,56,0.0178571428571429,"scattered occurrences only"
42,"Hydrocotyle ranunculoides","baseline",1,1,56,0.0178571428571429,"scattered occurrences only"
43,"Myriophyllum aquaticum","baseline",1,1,47,0.0212765957446809,"scattered occurrences only"
43,"Heracleum mantegazzianum","current",11,20,47,0.425531914893617,"heavily invaded"
43,"Heracleum mantegazzianum","baseline",37,20,47,0.425531914893617,"heavily invaded"
43,"Impatiens glandulifera","current",3,12,47,0.25531914893617,"heavily invaded"
43,"Petasites japonicus","baseline",1,1,47,0.0212765957446809,"scattered occurrences only"
43,"Impatiens glandulifera","baseline",23,12,47,0.25531914893617,"heavily invaded"
44,"Erythranthe guttata","baseline",21,3,72,0.0416666666666667,"scattered occurrences only"
44,"Heracleum mantegazzianum","current",10,20,72,0.277777777777778,"heavily invaded"
44,"Procambarus clarkii","current",3,NA,72,NA,NA
44,"Pontederia cordata","baseline",1,1,72,0.0138888888888889,"scattered occurrences only"
44,"Impatiens glandulifera","baseline",35,14,72,0.194444444444444,"weakly invaded"
44,"Heracleum mantegazzianum","baseline",33,20,72,0.277777777777778,"heavily invaded"
44,"Lagarosiphon major","baseline",1,1,72,0.0138888888888889,"scattered occurrences only"
44,"Impatiens glandulifera","current",12,14,72,0.194444444444444,"weakly invaded"
44,"Lysichiton americanus","current",1,1,72,0.0138888888888889,"scattered occurrences only"
44,"Zizania latifolia","current",1,NA,72,NA,NA
44,"Erythranthe guttata","current",2,3,72,0.0416666666666667,"scattered occurrences only"
44,"Lysichiton americanus","baseline",2,1,72,0.0138888888888889,"scattered occurrences only"
44,"Petasites japonicus","baseline",2,1,72,0.0138888888888889,"scattered occurrences only"
45,"Heracleum mantegazzianum","current",25,9,34,0.264705882352941,"heavily invaded"
45,"Heracleum mantegazzianum","baseline",35,9,34,0.264705882352941,"heavily invaded"
46,"Procambarus clarkii","current",2,NA,90,NA,NA
46,"Impatiens glandulifera","baseline",19,11,90,0.122222222222222,"weakly invaded"
46,"Aponogeton distachyos","current",1,NA,90,NA,NA
46,"Saururus cernuus","baseline",1,1,90,0.0111111111111111,"scattered occurrences only"
46,"Lysichiton americanus","baseline",1,1,90,0.0111111111111111,"scattered occurrences only"
46,"Erythranthe guttata","baseline",1,1,90,0.0111111111111111,"scattered occurrences only"
46,"Ludwigia grandiflora","baseline",1,1,90,0.0111111111111111,"scattered occurrences only"
46,"Houttuynia cordata","baseline",2,2,90,0.0222222222222222,"scattered occurrences only"
46,"Hydrocotyle ranunculoides","baseline",1,1,90,0.0111111111111111,"scattered occurrences only"
46,"Heracleum mantegazzianum","baseline",60,27,90,0.3,"heavily invaded"
46,"Heracleum mantegazzianum","current",16,27,90,0.3,"heavily invaded"
46,"Crassula helmsii","baseline",2,1,90,0.0111111111111111,"scattered occurrences only"
46,"Myriophyllum aquaticum","baseline",2,2,90,0.0222222222222222,"scattered occurrences only"
47,"Myriophyllum aquaticum","baseline",20,3,41,0.0731707317073171,"scattered occurrences only"
47,"Pontederia cordata","current",2,1,41,0.024390243902439,"scattered occurrences only"
47,"Lysichiton americanus","baseline",1,1,41,0.024390243902439,"scattered occurrences only"
47,"Impatiens glandulifera","current",6,4,41,0.0975609756097561,"scattered occurrences only"
47,"Impatiens glandulifera","baseline",69,4,41,0.0975609756097561,"scattered occurrences only"
47,"Pontederia cordata","baseline",3,1,41,0.024390243902439,"scattered occurrences only"
47,"Heracleum mantegazzianum","current",71,14,41,0.341463414634146,"heavily invaded"
47,"Heracleum mantegazzianum","baseline",89,14,41,0.341463414634146,"heavily invaded"
48,"Petasites japonicus","baseline",5,1,71,0.0140845070422535,"scattered occurrences only"
48,"Impatiens glandulifera","baseline",12,2,71,0.028169014084507,"scattered occurrences only"
48,"Impatiens glandulifera","current",1,2,71,0.028169014084507,"scattered occurrences only"
48,"Myriophyllum aquaticum","baseline",2,1,71,0.0140845070422535,"scattered occurrences only"
48,"Heracleum mantegazzianum","baseline",131,20,71,0.28169014084507,"heavily invaded"
48,"Heracleum mantegazzianum","current",50,20,71,0.28169014084507,"heavily invaded"
49,"Lysichiton americanus","baseline",14,5,85,0.0588235294117647,"scattered occurrences only"
49,"Heracleum mantegazzianum","baseline",272,38,85,0.447058823529412,"heavily invaded"
49,"Hydrocotyle ranunculoides","current",5,1,85,0.0117647058823529,"scattered occurrences only"
49,"Lysichiton americanus","current",3,5,85,0.0588235294117647,"scattered occurrences only"
49,"Heracleum mantegazzianum","current",126,38,85,0.447058823529412,"heavily invaded"
49,"Pontederia cordata","baseline",1,1,85,0.0117647058823529,"scattered occurrences only"
49,"Hydrocotyle ranunculoides","baseline",3,1,85,0.0117647058823529,"scattered occurrences only"
49,"Crassula helmsii","baseline",2,2,85,0.0235294117647059,"scattered occurrences only"
49,"Impatiens glandulifera","baseline",68,19,85,0.223529411764706,"heavily invaded"
49,"Impatiens glandulifera","current",12,19,85,0.223529411764706,"heavily invaded"
49,"Petasites japonicus","baseline",1,1,85,0.0117647058823529,"scattered occurrences only"
50,"Heracleum mantegazzianum","baseline",244,28,65,0.430769230769231,"heavily invaded"
50,"Erythranthe guttata","baseline",4,3,65,0.0461538461538462,"scattered occurrences only"
50,"Heracleum mantegazzianum","current",73,28,65,0.430769230769231,"heavily invaded"
50,"Hydrocotyle ranunculoides","baseline",2,1,65,0.0153846153846154,"scattered occurrences only"
50,"Crassula helmsii","baseline",5,2,65,0.0307692307692308,"scattered occurrences only"
50,"Crassula helmsii","current",4,2,65,0.0307692307692308,"scattered occurrences only"
50,"Impatiens glandulifera","current",50,21,65,0.323076923076923,"heavily invaded"
50,"Procambarus clarkii","current",3,NA,65,NA,NA
50,"Ludwigia grandiflora","baseline",31,4,65,0.0615384615384615,"scattered occurrences only"
50,"Impatiens glandulifera","baseline",139,21,65,0.323076923076923,"heavily invaded"
50,"Ludwigia grandiflora","current",16,4,65,0.0615384615384615,"scattered occurrences only"
50,"Pontederia cordata","current",3,2,65,0.0307692307692308,"scattered occurrences only"
50,"Pontederia cordata","baseline",9,2,65,0.0307692307692308,"scattered occurrences only"
51,"Crassula helmsii","baseline",2,1,89,0.0112359550561798,"scattered occurrences only"
51,"Ludwigia grandiflora","current",2,1,89,0.0112359550561798,"scattered occurrences only"
51,"Impatiens glandulifera","baseline",291,41,89,0.460674157303371,"heavily invaded"
51,"Crassula helmsii","current",5,1,89,0.0112359550561798,"scattered occurrences only"
51,"Impatiens glandulifera","current",114,41,89,0.460674157303371,"heavily invaded"
51,"Heracleum mantegazzianum","baseline",50,18,89,0.202247191011236,"heavily invaded"
51,"Hydrocotyle ranunculoides","baseline",9,3,89,0.0337078651685393,"scattered occurrences only"
51,"Petasites japonicus","baseline",1,1,89,0.0112359550561798,"scattered occurrences only"
51,"Pontederia cordata","current",3,2,89,0.0224719101123595,"scattered occurrences only"
51,"Heracleum mantegazzianum","current",38,18,89,0.202247191011236,"heavily invaded"
51,"Myriophyllum aquaticum","current",1,3,89,0.0337078651685393,"scattered occurrences only"
51,"Myriophyllum aquaticum","baseline",9,3,89,0.0337078651685393,"scattered occurrences only"
51,"Lysichiton americanus","baseline",4,2,89,0.0224719101123595,"scattered occurrences only"
51,"Procambarus acutus","baseline",1,1,89,0.0112359550561798,"scattered occurrences only"
51,"Houttuynia cordata","baseline",2,2,89,0.0224719101123595,"scattered occurrences only"
51,"Ludwigia grandiflora","baseline",1,1,89,0.0112359550561798,"scattered occurrences only"
51,"Pontederia cordata","baseline",2,2,89,0.0224719101123595,"scattered occurrences only"
51,"Petasites japonicus","current",1,1,89,0.0112359550561798,"scattered occurrences only"
52,"Impatiens glandulifera","current",5,7,77,0.0909090909090909,"scattered occurrences only"
52,"Heracleum mantegazzianum","baseline",5,5,77,0.0649350649350649,"scattered occurrences only"
52,"Impatiens glandulifera","baseline",22,7,77,0.0909090909090909,"scattered occurrences only"
53,"Heracleum mantegazzianum","baseline",12,11,151,0.0728476821192053,"scattered occurrences only"
53,"Heracleum mantegazzianum","current",6,11,151,0.0728476821192053,"scattered occurrences only"
53,"Petasites japonicus","current",1,NA,151,NA,NA
53,"Impatiens glandulifera","current",40,33,151,0.218543046357616,"heavily invaded"
53,"Impatiens glandulifera","baseline",225,33,151,0.218543046357616,"heavily invaded"
53,"Pontederia cordata","baseline",1,1,151,0.00662251655629139,"scattered occurrences only"
53,"Ludwigia grandiflora","current",2,2,151,0.0132450331125828,"scattered occurrences only"
53,"Ludwigia grandiflora","baseline",11,2,151,0.0132450331125828,"scattered occurrences only"
53,"Erythranthe guttata","baseline",1,1,151,0.00662251655629139,"scattered occurrences only"
53,"Myriophyllum aquaticum","current",1,4,151,0.0264900662251656,"scattered occurrences only"
53,"Myriophyllum aquaticum","baseline",6,4,151,0.0264900662251656,"scattered occurrences only"
54,"Impatiens glandulifera","current",5,6,33,0.181818181818182,"weakly invaded"
54,"Elodea densa","baseline",2,1,33,0.0303030303030303,"scattered occurrences only"
54,"Heracleum mantegazzianum","baseline",1,1,33,0.0303030303030303,"scattered occurrences only"
54,"Myriophyllum aquaticum","baseline",2,1,33,0.0303030303030303,"scattered occurrences only"
54,"Elodea densa","current",1,1,33,0.0303030303030303,"scattered occurrences only"
54,"Lagarosiphon major","baseline",2,1,33,0.0303030303030303,"scattered occurrences only"
54,"Impatiens glandulifera","baseline",31,6,33,0.181818181818182,"weakly invaded"
54,"Ludwigia grandiflora","baseline",3,1,33,0.0303030303030303,"scattered occurrences only"
54,"Ludwigia grandiflora","current",1,1,33,0.0303030303030303,"scattered occurrences only"
55,"Lagarosiphon major","current",1,1,32,0.03125,"scattered occurrences only"
55,"Myriophyllum aquaticum","current",1,1,32,0.03125,"scattered occurrences only"
55,"Impatiens glandulifera","baseline",29,5,32,0.15625,"weakly invaded"
55,"Impatiens glandulifera","current",10,5,32,0.15625,"weakly invaded"
55,"Myriophyllum aquaticum","baseline",1,1,32,0.03125,"scattered occurrences only"
