<?xml version="1.0" encoding="utf-8"?>
<eml:eml xmlns:eml="eml://ecoinformatics.org/eml-2.1.1" xmlns:xsi="http://www.w3.org/2001/XMLSchema-instance"
         xsi:schemaLocation="eml://ecoinformatics.org/eml-2.1.1 http://rs.gbif.org/schema/eml-gbif-profile/1.1/eml.xsd"
        packageId="0360ffaf-8506-4de8-a392-f1d3d0233b36"  system="http://gbif.org" scope="system"
  xml:lang="en">

<dataset>
      <alternateIdentifier>10.15472/ncgtty</alternateIdentifier>
        <alternateIdentifier>0360ffaf-8506-4de8-a392-f1d3d0233b36</alternateIdentifier>
        <alternateIdentifier>https://ipt.biodiversidad.co/sib/resource?r=invbasa-un</alternateIdentifier>
    <title>InvBasa UN</title>
    <creator>
    <individualName>
<givenName>.</givenName>          <surName>InvBasa UN</surName>
    </individualName>
<organizationName>Universidad Nacional de Colombia-Fundacion Humedales</organizationName><positionName>Proyecto InvBasa</positionName>    <address>
<city>Bogotá D.C</city><country>COLOMBIA</country>    </address>
<electronicMailAddress>invbasa@fundacionhumedales.org</electronicMailAddress><onlineUrl>http://www.biovirtual.unal.edu.co/invbasa/es/</onlineUrl>    </creator>
    <metadataProvider>
    <individualName>
<givenName>.</givenName>          <surName>InvBasa UN</surName>
    </individualName>
<organizationName>Universidad Nacional de Colombia-Fundacion Humedales</organizationName><positionName>Proyecto InvBasa</positionName>    <address>
<city>Bogotá D.C</city><country>COLOMBIA</country>    </address>
<electronicMailAddress>invbasa@fundacionhumedales.org</electronicMailAddress><onlineUrl>http://www.biovirtual.unal.edu.co/invbasa/es/</onlineUrl>    </metadataProvider>
    <associatedParty>
    <individualName>
<givenName>José Iván</givenName>          <surName>Mojica Corzo</surName>
    </individualName>
<organizationName>Instituto de Ciencias Naturales - Universidad Nacional de Colombia</organizationName><positionName>Profesor Asociado</positionName>    <address>
<city>Bogotá D.C</city><administrativeArea>Bogotá D.C</administrativeArea><country>COLOMBIA</country>    </address>
<phone>3165000</phone><electronicMailAddress>jimojicac@unal.edu.co</electronicMailAddress>    <role>PRINCIPAL_INVESTIGATOR</role>
    </associatedParty>
    <associatedParty>
    <individualName>
<givenName>Lauren</givenName>          <surName>Raz</surName>
    </individualName>
<organizationName>Instituto de Ciencias Naturales - Universidad Nacional de Colombia</organizationName><positionName>Profesora Asociado</positionName>    <address>
<city>Bogotá D.C</city><administrativeArea>Bogotá D.C</administrativeArea><country>COLOMBIA</country>    </address>
<phone>3165000</phone><electronicMailAddress>lraz@unal.edu.co</electronicMailAddress>    <role>AUTHOR</role>
    </associatedParty>
    <associatedParty>
    <individualName>
<givenName>Mauricio</givenName>          <surName>Valderrama</surName>
    </individualName>
<organizationName>Fundación Humedales</organizationName><positionName>Director</positionName>    <address>
<deliveryPoint>Calle 81 # 19a-18 OF 301</deliveryPoint><city>Bogotá D.C</city><administrativeArea>Bogotá D.C</administrativeArea><country>COLOMBIA</country>    </address>
<phone>6169368</phone><electronicMailAddress>mvalde@fundacionhumedales.org</electronicMailAddress><onlineUrl>http://fundacionhumedales.org/</onlineUrl>    <role>AUTHOR</role>
    </associatedParty>
    <associatedParty>
    <individualName>
<givenName>Henry</givenName>          <surName>Agudelo-Zamora</surName>
    </individualName>
<organizationName>Instituto de Ciencias Naturales - Universidad Nacional de Colombia</organizationName><positionName>Coordinador proyectos Programa Informatica de la Biodiversidad</positionName>    <address>
<city>Bogotá D.C</city><administrativeArea>Bogotá D.C</administrativeArea><country>COLOMBIA</country>    </address>
<phone>3165000</phone><electronicMailAddress>hdagudeloz@unal.edu.co</electronicMailAddress><onlineUrl>http://ciencias.bogota.unal.edu.co/icn/informatica-de-la-biodiversidad/equipo-de-trabajo/</onlineUrl>      <userId directory="http://orcid.org/">0000-0001-8571-7235</userId>
    <role>AUTHOR</role>
    </associatedParty>
    <associatedParty>
    <individualName>
<givenName>Andres Esteban</givenName>          <surName>Páez Torres</surName>
    </individualName>
<organizationName>Instituto de Ciencias Naturales - Universidad Nacional de Colombia</organizationName><positionName>Ingeniero de Sistemas Programa Informatica de la Biodiversidad</positionName>    <address>
<city>Bogotá D.C</city><administrativeArea>Bogotá D.C</administrativeArea><country>COLOMBIA</country>    </address>
<phone>3165000</phone><electronicMailAddress>aepaezt@unal.edu.co</electronicMailAddress><onlineUrl>http://ciencias.bogota.unal.edu.co/icn/informatica-de-la-biodiversidad/equipo-de-trabajo/</onlineUrl>    <role>PROGRAMMER</role>
    </associatedParty>
    <associatedParty>
    <individualName>
<givenName>María</givenName>          <surName>Pinilla Vargas</surName>
    </individualName>
<organizationName>Fundación Humedales</organizationName><positionName>Coordinadora Biodiversidad y Conservación</positionName>    <address>
<deliveryPoint>Calle 81 # 19a-18 OF 301</deliveryPoint><city>Bogotá D.C</city><administrativeArea>Bogotá D.C</administrativeArea><country>COLOMBIA</country>    </address>
<phone>6169368</phone><electronicMailAddress>mpinilla@fundacionhumedales.org</electronicMailAddress><onlineUrl>http://fundacionhumedales.org/</onlineUrl>    <role>AUTHOR</role>
    </associatedParty>
    <associatedParty>
    <individualName>
<givenName>Andrea del Pilar</givenName>          <surName>Villalba</surName>
    </individualName>
    <address>
<city>Bogotá D.C</city><administrativeArea>Bogotá D.C</administrativeArea><country>COLOMBIA</country>    </address>
<electronicMailAddress>apilar38@hotmail.com</electronicMailAddress>    <role>AUTHOR</role>
    </associatedParty>
    <associatedParty>
    <individualName>
<givenName>Karina</givenName>          <surName>Serrano</surName>
    </individualName>
<organizationName>Instituto de Ciencias Naturales - Universidad Nacional de Colombia</organizationName><positionName>Diseñadora Programa Informatica de la Biodiversidad</positionName>    <address>
<city>Bogotá D.C</city><administrativeArea>Bogotá D.C</administrativeArea><country>COLOMBIA</country>    </address>
<phone>3165000</phone><onlineUrl>http://ciencias.bogota.unal.edu.co/icn/informatica-de-la-biodiversidad/equipo-de-trabajo/</onlineUrl>    <role>AUTHOR</role>
    </associatedParty>
      <pubDate>
      2020-06-09
      </pubDate>
    <language>SPANISH</language>
    <abstract>
        <para>We document here the occurrences of invasive species uploaded to the InvBasa platform. This platform was created for the registration of alien and invasive species occurrences in Colombia. The project was born as a response to the problematic introduction of Basa fish (Pangasianodon hypophthalmus)to the Magdalena river basin in Colombia. Researchers from the Instituto de Ciencias Naturales (ICN) and Fundación Humedales documented this problematic and together with the Biodiversity Informatics Program of the ICN, developed the platform and mobile app. Invbasa´s goals are to register direct observations of alien species in the field by citizen scientists.</para>
    </abstract>
        <keywordSet>
              <keyword>Alien species</keyword>
              <keyword>Invasora</keyword>
              <keyword>Colombia</keyword>
              <keyword>InvBasa</keyword>
              <keyword>Lithobates catesbeianus</keyword>
              <keyword>Pangasianodon hypophthalmus</keyword>
              <keyword>UICN</keyword>
              <keyword>Ulex europaeus</keyword>
              <keyword>invasive species</keyword>
              <keyword>Achatina fulica</keyword>
              <keywordThesaurus>na</keywordThesaurus>
        </keywordSet>
        <keywordSet>
              <keyword>Occurrence</keyword>
              <keywordThesaurus>GBIF Dataset Type Vocabulary: http://rs.gbif.org/vocabulary/gbif/dataset_type.xml</keywordThesaurus>
        </keywordSet>
        <keywordSet>
              <keyword>Observation</keyword>
              <keywordThesaurus>GBIF Dataset Subtype Vocabulary: http://rs.gbif.org/vocabulary/gbif/dataset_subtype.xml</keywordThesaurus>
        </keywordSet>
      <intellectualRights>
        <para>This work is licensed under a <ulink url="http://creativecommons.org/licenses/by-nc/4.0/legalcode"><citetitle>Creative Commons Attribution Non Commercial (CC-BY-NC) 4.0 License</citetitle></ulink>.</para>
      </intellectualRights>
      <distribution scope="document">
          <online>
              <url function="information">http://www.biovirtual.unal.edu.co/invbasa/</url>
          </online>
      </distribution>
      <coverage>
            <geographicCoverage>
                  <geographicDescription>The occurrences of alien and invasive species in Colombia came mainly from 12 departments and the area of the special district of Bogotá.</geographicDescription>
                  <boundingCoordinates>
                      <westBoundingCoordinate>-79.805</westBoundingCoordinate>
                      <eastBoundingCoordinate>-66.973</eastBoundingCoordinate>
                      <northBoundingCoordinate>13.753</northBoundingCoordinate>
                      <southBoundingCoordinate>-4.916</southBoundingCoordinate>
                  </boundingCoordinates>
            </geographicCoverage>
          <temporalCoverage>
            <rangeOfDates>
              <beginDate>
                <calendarDate>      2003-06-28
</calendarDate>
              </beginDate>
              <endDate>
                <calendarDate>      2019-10-21
</calendarDate>
              </endDate>
            </rangeOfDates>
          </temporalCoverage>
              <taxonomicCoverage>
                    <generalTaxonomicCoverage>All the registries are identified to the lowest possible taxon that is species, however, the fishes of the Cichlidae family that came from Africa were identified until genus.</generalTaxonomicCoverage>
                    <taxonomicClassification>
                          <taxonRankName>Kingdom</taxonRankName>
                        <taxonRankValue>Plantae</taxonRankValue>
                    </taxonomicClassification>
                    <taxonomicClassification>
                          <taxonRankName>Kingdom</taxonRankName>
                        <taxonRankValue>Animalia</taxonRankValue>
                    </taxonomicClassification>
                    <taxonomicClassification>
                          <taxonRankName>Class</taxonRankName>
                        <taxonRankValue>Magnoliopsida</taxonRankValue>
                    </taxonomicClassification>
                    <taxonomicClassification>
                          <taxonRankName>Class</taxonRankName>
                        <taxonRankValue>Actinopterygii</taxonRankValue>
                    </taxonomicClassification>
                    <taxonomicClassification>
                          <taxonRankName>Order</taxonRankName>
                        <taxonRankValue>Pulmonata</taxonRankValue>
                    </taxonomicClassification>
                    <taxonomicClassification>
                          <taxonRankName>Order</taxonRankName>
                        <taxonRankValue>Anura</taxonRankValue>
                    </taxonomicClassification>
              </taxonomicCoverage>
      </coverage>
      <maintenance>
          <description>
              <para></para>
          </description>
          <maintenanceUpdateFrequency>asNeeded</maintenanceUpdateFrequency>
      </maintenance>
      <contact>
    <individualName>
<givenName>Henry</givenName>          <surName>Agudelo Zamora</surName>
    </individualName>
<organizationName>Instituto de Ciencias Naturales - Universidad Nacional de Colombia</organizationName><positionName>Coordinador proyectos Informatica de la Biodiversidad</positionName>    <address>
<city>Bogotá D.C</city><administrativeArea>Bogotá D.C</administrativeArea><country>COLOMBIA</country>    </address>
<phone>3165000</phone><electronicMailAddress>hdagudeloz@unal.edu.co</electronicMailAddress>      <userId directory="http://orcid.org/">0000-0001-8571-7235</userId>
      </contact>
      <contact>
    <individualName>
<givenName>Maria</givenName>          <surName>Pinilla Vargas</surName>
    </individualName>
<organizationName>Fundación Humedales</organizationName><positionName>Coordinadora de Biodiversidad y Conservación</positionName>    <address>
<city>Bogotá</city><country>COLOMBIA</country>    </address>
<electronicMailAddress>mpinilla@fundacionhumedales.org</electronicMailAddress><onlineUrl>http://www.fundacionhumedales.org</onlineUrl>      </contact>
      <methods>
            <methodStep>
                <description>
                    <para>When the server receives each registry of occurrence, the first step is the revision of the taxonomic classification by the InvBasa team. The team also checks that the geographical information lies within the countries boundaries and when the occurrence is approved, it is published on the website, so it becomes available to the general public.</para>
                </description>
            </methodStep>
            <sampling>
                <studyExtent>
                    <description>
                        <para>Colombia</para>
                    </description>
                </studyExtent>
                <samplingDescription>
                    <para>Each citizen scientist creates a user account on their mobile phone and contribute to the data of species distribution that they encounter in the field. The GPS smartphone print in the photo the location of the registry to decide each occurrence location and the next step is to send the photo to the InvBasa project the registry.</para>
                </samplingDescription>
            </sampling>
            <qualityControl>
                <description>
                    <para>The control quality is based in two stages, the first is the geographical control where we check the valid coordinates of the registry and the second is check or assign the taxonomic identity</para>
                </description>
            </qualityControl>
      </methods>

      <project >
          <title>InvBasa Platform for the registry of alien and invasive species in Colombia.</title>
          <personnel>
    <individualName>
<givenName>Andres Esteban</givenName>          <surName>Paez</surName>
    </individualName>
    <role>AUTHOR</role>
          </personnel>
          <personnel>
    <individualName>
<givenName>Lauren</givenName>          <surName>Raz</surName>
    </individualName>
    <role>AUTHOR</role>
          </personnel>
          <personnel>
    <individualName>
<givenName>Jose Iván</givenName>          <surName>Mojica Corzo</surName>
    </individualName>
    <role>PRINCIPAL_INVESTIGATOR</role>
          </personnel>
          <personnel>
    <individualName>
<givenName>Mauricio</givenName>          <surName>Valderrama</surName>
    </individualName>
    <role>AUTHOR</role>
          </personnel>
          <personnel>
    <individualName>
<givenName>Maria</givenName>          <surName>Pinilla</surName>
    </individualName>
    <role>AUTHOR</role>
          </personnel>
          <personnel>
    <individualName>
<givenName>Henry</givenName>          <surName>Agudelo</surName>
    </individualName>
      <userId directory="http://orcid.org/">0000-0001-8571-7235</userId>
    <role>AUTHOR</role>
          </personnel>
          <personnel>
    <individualName>
<givenName>Karina</givenName>          <surName>Serrano</surName>
    </individualName>
    <role>AUTHOR</role>
          </personnel>
          <personnel>
    <individualName>
<givenName>Andrea</givenName>          <surName>Villalba</surName>
    </individualName>
    <role>AUTHOR</role>
          </personnel>
          <abstract>
              <para>Developed a platform for the registry and divulgation of the presence and condition of alien, transplanted, and invasive species of flora and fauna.</para>
          </abstract>
          <funding>
              <para>JRS Biodiversity Fundation, Universidad Nacional de Colombia, Fundación Humedales</para>
          </funding>
            <studyAreaDescription>
                <descriptor name="generic" citableClassificationSystem="false">
                    <descriptorValue>Colombia</descriptorValue>
                </descriptor>
            </studyAreaDescription>
            <designDescription>
                <description>
                    <para>The project is based in the citizen sciences where the users send the registry of they think is an alien species via the app and the InvBasa team corroborates the registry and assigns the taxonomic category and publish in the web platform.</para>
                </description>
            </designDescription>
      </project>
</dataset>

<additionalMetadata>
    <metadata>
      <gbif>
        <dateStamp>2021-03-29T09:38:44Z</dateStamp>
      <citation identifier="https://doi.org/10.15472/ncgtty">InvBasa UN . (2020). InvBasa UN. Version 1.2. InvBasa. Occurrence dataset https://doi.org/10.15472/ncgtty accessed via GBIF.org on 2021-03-29.</citation>
              <bibliography>
      <citation>Baptise, M., Castaño, N., Cardenas, D., Gutierrez, F., Gil, D., &amp; Lasso, C. (2010). Análisis de riesgo y propuesta de categorización de especies introducidas para Colombia. Bogotá: Instituto de Investigación de Recursos Biológicos Alexander von Humboldt.</citation>
              </bibliography>
              <resourceLogoUrl>https://statics.sibcolombia.net/sib-resources/images/logos-socios/portal-sib/logo_invbasa.png</resourceLogoUrl>
        </gbif>
    </metadata>
</additionalMetadata>

</eml:eml>
