<?xml version="1.0" encoding="utf-8"?>
<eml:eml xmlns:eml="eml://ecoinformatics.org/eml-2.1.1" xmlns:xsi="http://www.w3.org/2001/XMLSchema-instance"
         xsi:schemaLocation="eml://ecoinformatics.org/eml-2.1.1 http://rs.gbif.org/schema/eml-gbif-profile/1.1/eml.xsd"
        packageId="0645ccdb-e001-4ab0-9729-51f1755e007e"  system="http://gbif.org" scope="system"
  xml:lang="en">

<dataset>
      <alternateIdentifier>10.15468/14jd9g</alternateIdentifier>
        <alternateIdentifier>https://collections.ala.org.au/public/show/dr368</alternateIdentifier>
        <alternateIdentifier>0101d74b-afc2-3b0f-817c-dc350d2a6fe4</alternateIdentifier>
        <alternateIdentifier>http://collections.ala.org.au/public/show/dr368</alternateIdentifier>
        <alternateIdentifier>0645ccdb-e001-4ab0-9729-51f1755e007e</alternateIdentifier>
        <alternateIdentifier>aa01b335-7592-32ba-853b-5bf65a450d3b</alternateIdentifier>
        <alternateIdentifier>6b6daf76-71e9-3264-8a2f-a1f27908107c</alternateIdentifier>
        <alternateIdentifier>14114</alternateIdentifier>
    <title>OEH Atlas of NSW Wildlife</title>
    <creator>
<organizationName>Office of Environment and Heritage, Department of Premier and Cabinet representing the State of New South Wales</organizationName>    <address>
<deliveryPoint>59-61 Goulburn Street</deliveryPoint><city>Sydney</city><administrativeArea>New South Wales</administrativeArea><postalCode>2000</postalCode><country>AUSTRALIA</country>    </address>
<phone>(02) 9995 5000</phone><electronicMailAddress>info@environment.nsw.gov.au</electronicMailAddress><onlineUrl>http://www.environment.nsw.gov.au/</onlineUrl>    </creator>
    <creator>
<organizationName>Office of Environment &amp; Heritage</organizationName>    <address>
<deliveryPoint>59-61 Goulburn Street</deliveryPoint><city>Sydney</city><administrativeArea>New South Wales</administrativeArea><postalCode>2000</postalCode><country>AUSTRALIA</country>    </address>
<phone>(02) 9995 5000</phone><electronicMailAddress>info@environment.nsw.gov.au</electronicMailAddress><onlineUrl>http://www.environment.nsw.gov.au/</onlineUrl>    </creator>
    <metadataProvider>
<organizationName>Office of Environment and Heritage, Department of Premier and Cabinet representing the State of New South Wales</organizationName>    <address>
<deliveryPoint>59-61 Goulburn Street</deliveryPoint><city>Sydney</city><administrativeArea>New South Wales</administrativeArea><postalCode>2000</postalCode><country>AUSTRALIA</country>    </address>
<phone>(02) 9995 5000</phone><electronicMailAddress>info@environment.nsw.gov.au</electronicMailAddress><onlineUrl>http://www.environment.nsw.gov.au/</onlineUrl>    </metadataProvider>
    <associatedParty>
<organizationName>Atlas of Living Australia</organizationName>    <address>
<deliveryPoint>CSIRO Ecosystems Services</deliveryPoint><city>Canberra</city><administrativeArea>ACT</administrativeArea><postalCode>2601</postalCode><country>AUSTRALIA</country>    </address>
<electronicMailAddress>info@ala.org.au</electronicMailAddress>    <role>DISTRIBUTOR</role>
    </associatedParty>
      <pubDate>
      2021-03-03
      </pubDate>
    <language>ENGLISH</language>
    <abstract>
        <para>Records from OEH&amp;#39;s Atlas of NSW Wildlife database of flora and fauna sightings. Includes records from other custodians such as the National Herbarium of NSW, Forests NSW, Australian Bird and Bat Banding Scheme and the Australian Museum.</para>
    </abstract>
      <intellectualRights>
        <para>This work is licensed under a <ulink url="http://creativecommons.org/licenses/by/4.0/legalcode"><citetitle>Creative Commons Attribution (CC-BY) 4.0 License</citetitle></ulink>.</para>
      </intellectualRights>
      <distribution scope="document">
          <online>
              <url function="information">https://collections.ala.org.au/public/show/dr368</url>
          </online>
      </distribution>
      <contact>
    <individualName>
<givenName>Ron</givenName>          <surName>Avery</surName>
    </individualName>
<positionName>Data Steward</positionName><electronicMailAddress>bionet@environment.nsw.gov.au</electronicMailAddress>      </contact>
      <methods>
      </methods>

</dataset>

<additionalMetadata>
    <metadata>
      <gbif>
        <dateStamp>2021-03-29T09:38:53Z</dateStamp>
      <citation>Office of Environment &amp; Heritage (2021). OEH Atlas of NSW Wildlife. Occurrence dataset https://doi.org/10.15468/14jd9g accessed via GBIF.org on 2021-03-29.</citation>
        </gbif>
    </metadata>
</additionalMetadata>

</eml:eml>
