<?xml version="1.0" encoding="utf-8"?>
<eml:eml xmlns:eml="eml://ecoinformatics.org/eml-2.1.1" xmlns:xsi="http://www.w3.org/2001/XMLSchema-instance"
         xsi:schemaLocation="eml://ecoinformatics.org/eml-2.1.1 http://rs.gbif.org/schema/eml-gbif-profile/1.1/eml.xsd"
        packageId="1bde5a67-a7e5-4ca5-8d85-a6be34f7ffff"  system="http://gbif.org" scope="system"
  xml:lang="es">

<dataset>
      <alternateIdentifier>10.15472/z4abrv</alternateIdentifier>
        <alternateIdentifier>1bde5a67-a7e5-4ca5-8d85-a6be34f7ffff</alternateIdentifier>
        <alternateIdentifier>https://ipt.biodiversidad.co/sib/resource?r=biodiversidad_humedales_bogota</alternateIdentifier>
    <title>Seguimiento a la Fauna presente en las Actividades de Mantenimiento realizadas entre la Empresa de Acueducto y Alcantarillado de Bogotá ESP y Aguas de Bogotá SA ESP en los Parques Ecológicos Distritales de Humedal, Bogotá D.C.</title>
    <creator>
    <individualName>
<givenName>Julio César</givenName>          <surName>Martínez</surName>
    </individualName>
<organizationName>Aguas de Bogotá SA ESP</organizationName><positionName>Profesional de Monitoreo de Fauna</positionName>    <address>
<city>Bogotá</city><country>COLOMBIA</country>    </address>
<electronicMailAddress>julio.martinez@aguasdebogota.com.co</electronicMailAddress>      <userId directory="http://orcid.org/">0000-0002-7552-6803</userId>
    </creator>
    <metadataProvider>
    <individualName>
<givenName>Julio César</givenName>          <surName>Martínez</surName>
    </individualName>
<organizationName>Aguas de Bogotá S.A. E.S.P.</organizationName><positionName>Profesional de Monitoreo de Fauna</positionName>    <address>
<city>Bogotá</city><country>COLOMBIA</country>    </address>
<electronicMailAddress>julio.martinez@aguasdebogota.com.co</electronicMailAddress>      <userId directory="http://orcid.org/">0000-0002-7552-6803</userId>
    </metadataProvider>
    <associatedParty>
    <individualName>
          <surName>Empres de Acueducto y Alcantarillado de Bogotá-EAAB ESP</surName>
    </individualName>
<organizationName>Empres de Acueducto y Alcantarillado de Bogotá-EAAB ESP</organizationName><positionName>Empresa pública prestadora de los servicios de acueducto y alcantarillado sanitario y pluvial</positionName>    <address>
<deliveryPoint>Av. Calle 24 No. 37-15</deliveryPoint><city>Bogotá D.C.</city><country>COLOMBIA</country>    </address>
<onlineUrl>http://www.acueducto.com.co</onlineUrl>    <role>AUTHOR</role>
    </associatedParty>
    <associatedParty>
    <individualName>
          <surName>Aguas de Bogotá S.A. E.S.P.</surName>
    </individualName>
<organizationName>Aguas de Bogotá S.A. E.S.P.</organizationName><positionName>Empresa dedicada a la prestación de los servicios públicos domiciliarios de acueducto, aseo, alcantarillado, saneamiento básico y sus actividades complementarias</positionName>    <address>
<deliveryPoint>Carrera 21 #44-07/17</deliveryPoint><city>Bogotá D.C.</city><country>COLOMBIA</country>    </address>
<onlineUrl>http://www.aguasdebogota.co</onlineUrl>    <role>AUTHOR</role>
    </associatedParty>
      <pubDate>
      2021-03-15
      </pubDate>
    <language>SPANISH</language>
    <abstract>
        <para>En este recurso, el equipo de profesionales operativos y supervisores de Campo que hicieron parte de los contratos 9-99-243000-1255-2019 y 9-99-243000-0714-2019 entre la Empresa de Acueducto y Alcantarillado de Bogotá- EAAB y Aguas de Bogotá S.A. E.S.P.  ponen a disposición el registro biológico de fauna consolidado, producto de las actividades de seguimiento a fauna durante el mantenimiento de la franja acuática y terrestre en los Parques Ecológicos Distritales de Humedal-PEDH. Esta información fue recolectada entre el día 18 de diciembre de 2018 hasta el día 24 de julio de 2020. En él se incluye la información taxonómica de los diferentes grupos biológicos identificados, la localización en los Parques Ecológicos Distritales de Humedales (PEDH) declarados en el Distrito Capital, las coberturas a las que se encuentran asociadas y la actividad que desarrolla la fauna al momento del registro. Como resultados durante el periodo mencionado se tiene un total de 13.280 registros de fauna (mamíferos 6 sp.-206 registros, reptiles 6 sp.-70 registros, anfibios 2 sp.-68 registros, peces 5 sp.-10 registros, aves 145 sp.- 12.909 registros e invertebrados 9 sp.-17 registros) y 173 especies en total para los PEDH</para>
    </abstract>
        <keywordSet>
              <keyword>Reptiles</keyword>
              <keyword>Distrito Capital</keyword>
              <keyword>Torca-Guaymaral</keyword>
              <keyword>El Burro</keyword>
              <keyword>Mamíferos</keyword>
              <keyword>Santa Maria del Lago</keyword>
              <keyword>Córdoba</keyword>
              <keyword>Mantenimiento</keyword>
              <keyword>Juan Amarillo-Tibabuyes</keyword>
              <keyword>Meandro del Say</keyword>
              <keyword>El Tunjo</keyword>
              <keyword>PEDH</keyword>
              <keyword>Aves</keyword>
              <keyword>El Salitre</keyword>
              <keyword>Capellanía</keyword>
              <keyword>La Vaca</keyword>
              <keyword>Biodiversidad</keyword>
              <keyword>Anfibios</keyword>
              <keyword>La Conejera</keyword>
              <keyword>Bogotá</keyword>
              <keyword>La Isla</keyword>
              <keyword>Jaboque</keyword>
              <keyword>Insectos</keyword>
              <keyword>Techo</keyword>
              <keyword>Tibanica</keyword>
              <keyword>Seguimiento</keyword>
              <keywordThesaurus>n/a</keywordThesaurus>
        </keywordSet>
        <keywordSet>
              <keyword>GBIF CESP</keyword>
              <keyword>OpenPSD</keyword>
              <keywordThesaurus>SiB Colombia</keywordThesaurus>
        </keywordSet>
        <keywordSet>
              <keyword>Occurrence</keyword>
              <keywordThesaurus>GBIF Dataset Type Vocabulary: http://rs.gbif.org/vocabulary/gbif/dataset_type.xml</keywordThesaurus>
        </keywordSet>
        <keywordSet>
              <keyword>Observation</keyword>
              <keywordThesaurus>GBIF Dataset Subtype Vocabulary: http://rs.gbif.org/vocabulary/gbif/dataset_subtype.xml</keywordThesaurus>
        </keywordSet>
      <additionalInfo>
          <para>Este conjunto de datos fue publicado con el apoyo del proyecto CESP “OpenPSD – Engage and promote the private sector in open biodiversity data publication (ID CESP2019-004)”, y la alianza con la Asociación Nacional de Empresarios de Colombia (ANDI) a través de su iniciativa “Biodiversidad y Desarrollo” (Datos abiertos sobre biodiversidad desde el sector empresarial). Agradecemos la colaboración y el incentivo para compartir datos desde el sector empresarial. This dataset was published with support of the CESP project “OpenPSD – Engage and promote the private sector in open biodiversity data publication (ID CESP2019-004)”, and the alliance with the National Business Association of Colombia (ANDI) through its initiative &quot;Biodiversity and Development&quot; (Biodiversity open data from the private sector). We are grateful with the colaboration and incentive to share data from the private sector.</para>
      </additionalInfo>
      <intellectualRights>
        <para>This work is licensed under a <ulink url="http://creativecommons.org/licenses/by-nc/4.0/legalcode"><citetitle>Creative Commons Attribution Non Commercial (CC-BY-NC) 4.0 License</citetitle></ulink>.</para>
      </intellectualRights>
      <coverage>
            <geographicCoverage>
                  <geographicDescription>Parques Ecológicos Distritales Humedales – Torca-Guaymaral, La Conejera, Córdoba, Juan Amarillo-Tibabuyes, Santa Maria del Lago, Jaboque, El Salitre, Capellanía, Meandro del Say, Techo, El Burro, La Vaca, El Tunjo, Tibanica y La Isla.</geographicDescription>
                  <boundingCoordinates>
                      <westBoundingCoordinate>-74.225</westBoundingCoordinate>
                      <eastBoundingCoordinate>-74.015</eastBoundingCoordinate>
                      <northBoundingCoordinate>4.782</northBoundingCoordinate>
                      <southBoundingCoordinate>4.481</southBoundingCoordinate>
                  </boundingCoordinates>
            </geographicCoverage>
          <temporalCoverage>
            <rangeOfDates>
              <beginDate>
                <calendarDate>      2018-12-18
</calendarDate>
              </beginDate>
              <endDate>
                <calendarDate>      2020-07-23
</calendarDate>
              </endDate>
            </rangeOfDates>
          </temporalCoverage>
              <taxonomicCoverage>
                    <generalTaxonomicCoverage>Todo los grupos biológicos de la fauna fueron identificados al nivel taxonómico de género o especie, algunos insectos y reptiles se identificaron hasta género.</generalTaxonomicCoverage>
                    <taxonomicClassification>
                          <taxonRankName>Species</taxonRankName>
                        <taxonRankValue>Actitis macularius</taxonRankValue>
                          <commonName>Andarríos Maculado</commonName>
                    </taxonomicClassification>
                    <taxonomicClassification>
                          <taxonRankName>Species</taxonRankName>
                        <taxonRankValue>Amazona amazonica</taxonRankValue>
                          <commonName>Amazona Alinaranja</commonName>
                    </taxonomicClassification>
                    <taxonomicClassification>
                          <taxonRankName>Species</taxonRankName>
                        <taxonRankValue>Amazona ochrocephala</taxonRankValue>
                          <commonName>Amazona Real</commonName>
                    </taxonomicClassification>
                    <taxonomicClassification>
                          <taxonRankName>Species</taxonRankName>
                        <taxonRankValue>Anairetes agilis</taxonRankValue>
                          <commonName>Cachudito Agil</commonName>
                    </taxonomicClassification>
                    <taxonomicClassification>
                          <taxonRankName>Species</taxonRankName>
                        <taxonRankValue>Anas platyrhynchos</taxonRankValue>
                          <commonName>Ánade Real</commonName>
                    </taxonomicClassification>
                    <taxonomicClassification>
                          <taxonRankName>Species</taxonRankName>
                        <taxonRankValue>Anolis heterodermus</taxonRankValue>
                          <commonName>Lagartija de paramo</commonName>
                    </taxonomicClassification>
                    <taxonomicClassification>
                          <taxonRankName>Species</taxonRankName>
                        <taxonRankValue>Apis mellifera</taxonRankValue>
                          <commonName>Aveja Europea</commonName>
                    </taxonomicClassification>
                    <taxonomicClassification>
                          <taxonRankName>Species</taxonRankName>
                        <taxonRankValue>Ardea alba</taxonRankValue>
                          <commonName>Garceta Grande</commonName>
                    </taxonomicClassification>
                    <taxonomicClassification>
                          <taxonRankName>Species</taxonRankName>
                        <taxonRankValue>Arremon assimilis</taxonRankValue>
                          <commonName>Cerquero Picofino</commonName>
                    </taxonomicClassification>
                    <taxonomicClassification>
                          <taxonRankName>Species</taxonRankName>
                        <taxonRankValue>Asio clamator</taxonRankValue>
                          <commonName>Búho Gritón</commonName>
                    </taxonomicClassification>
                    <taxonomicClassification>
                          <taxonRankName>Species</taxonRankName>
                        <taxonRankValue>Asio flammeus</taxonRankValue>
                          <commonName>Búho Campestre</commonName>
                    </taxonomicClassification>
                    <taxonomicClassification>
                          <taxonRankName>Species</taxonRankName>
                        <taxonRankValue>Asio stygius</taxonRankValue>
                          <commonName>Búho Negruzco</commonName>
                    </taxonomicClassification>
                    <taxonomicClassification>
                          <taxonRankName>Species</taxonRankName>
                        <taxonRankValue>Atractus crassicaudatus</taxonRankValue>
                          <commonName>Culebra sabanera</commonName>
                    </taxonomicClassification>
                    <taxonomicClassification>
                          <taxonRankName>Species</taxonRankName>
                        <taxonRankValue>Bubulcus ibis</taxonRankValue>
                          <commonName>Garcilla Bueyera</commonName>
                    </taxonomicClassification>
                    <taxonomicClassification>
                          <taxonRankName>Species</taxonRankName>
                        <taxonRankValue>Buteo brachyurus</taxonRankValue>
                          <commonName>Busardo Colicorto</commonName>
                    </taxonomicClassification>
                    <taxonomicClassification>
                          <taxonRankName>Species</taxonRankName>
                        <taxonRankValue>Buteo platypterus</taxonRankValue>
                          <commonName>Busardo Aliancho</commonName>
                    </taxonomicClassification>
                    <taxonomicClassification>
                          <taxonRankName>Species</taxonRankName>
                        <taxonRankValue>Buteo swainsoni</taxonRankValue>
                          <commonName>Busardo Chapulinero</commonName>
                    </taxonomicClassification>
                    <taxonomicClassification>
                          <taxonRankName>Species</taxonRankName>
                        <taxonRankValue>Butorides striata</taxonRankValue>
                          <commonName>Garcita Azulada</commonName>
                    </taxonomicClassification>
                    <taxonomicClassification>
                          <taxonRankName>Species</taxonRankName>
                        <taxonRankValue>Butorides virescens</taxonRankValue>
                          <commonName>Garcita verdosau</commonName>
                    </taxonomicClassification>
                    <taxonomicClassification>
                          <taxonRankName>Species</taxonRankName>
                        <taxonRankValue>Calidris melanotos</taxonRankValue>
                          <commonName>Correlimos Pectoral</commonName>
                    </taxonomicClassification>
                    <taxonomicClassification>
                          <taxonRankName>Species</taxonRankName>
                        <taxonRankValue>Caracara cheriway</taxonRankValue>
                          <commonName>Carancho Norteño</commonName>
                    </taxonomicClassification>
                    <taxonomicClassification>
                          <taxonRankName>Species</taxonRankName>
                        <taxonRankValue>Carassius auratus</taxonRankValue>
                          <commonName>Carpa dorada</commonName>
                    </taxonomicClassification>
                    <taxonomicClassification>
                          <taxonRankName>Species</taxonRankName>
                        <taxonRankValue>Cardellina canadensis</taxonRankValue>
                          <commonName>Reinita Canadiense</commonName>
                    </taxonomicClassification>
                    <taxonomicClassification>
                          <taxonRankName>Species</taxonRankName>
                        <taxonRankValue>Catamenia analis</taxonRankValue>
                          <commonName>Semillero Colifajado</commonName>
                    </taxonomicClassification>
                    <taxonomicClassification>
                          <taxonRankName>Species</taxonRankName>
                        <taxonRankValue>Catamenia inornata</taxonRankValue>
                          <commonName>Semillero Sencillo</commonName>
                    </taxonomicClassification>
                    <taxonomicClassification>
                          <taxonRankName>Species</taxonRankName>
                        <taxonRankValue>Catharus minimus</taxonRankValue>
                          <commonName>Zorzalito Carigrís</commonName>
                    </taxonomicClassification>
                    <taxonomicClassification>
                          <taxonRankName>Species</taxonRankName>
                        <taxonRankValue>Catharus ustulatus</taxonRankValue>
                          <commonName>Zorzalito de Swainson</commonName>
                    </taxonomicClassification>
                    <taxonomicClassification>
                          <taxonRankName>Species</taxonRankName>
                        <taxonRankValue>Cavia aperea</taxonRankValue>
                          <commonName>Curi</commonName>
                    </taxonomicClassification>
                    <taxonomicClassification>
                          <taxonRankName>Species</taxonRankName>
                        <taxonRankValue>Cercosaura sp1.</taxonRankValue>
                          <commonName>Lagartija de cola larga</commonName>
                    </taxonomicClassification>
                    <taxonomicClassification>
                          <taxonRankName>Species</taxonRankName>
                        <taxonRankValue>Chaetocercus mulsant</taxonRankValue>
                          <commonName>Colibrí de Mulsant</commonName>
                    </taxonomicClassification>
                    <taxonomicClassification>
                          <taxonRankName>Species</taxonRankName>
                        <taxonRankValue>Chordeiles minor</taxonRankValue>
                          <commonName>Añapero Yanqui</commonName>
                    </taxonomicClassification>
                    <taxonomicClassification>
                          <taxonRankName>Species</taxonRankName>
                        <taxonRankValue>Chrysomus icterocephalus</taxonRankValue>
                          <commonName>Varillero Capuchino</commonName>
                    </taxonomicClassification>
                    <taxonomicClassification>
                          <taxonRankName>Species</taxonRankName>
                        <taxonRankValue>Clitarchus hookeri</taxonRankValue>
                          <commonName>Insecto palo</commonName>
                    </taxonomicClassification>
                    <taxonomicClassification>
                          <taxonRankName>Species</taxonRankName>
                        <taxonRankValue>Coccyzus americanus</taxonRankValue>
                          <commonName>Cuclillo Piquigualdo</commonName>
                    </taxonomicClassification>
                    <taxonomicClassification>
                          <taxonRankName>Species</taxonRankName>
                        <taxonRankValue>Coccyzus erythropthalmus</taxonRankValue>
                          <commonName>Cuclillo Piquinegro</commonName>
                    </taxonomicClassification>
                    <taxonomicClassification>
                          <taxonRankName>Species</taxonRankName>
                        <taxonRankValue>Coccyzus melacoryphus</taxonRankValue>
                          <commonName>Cuclillo Canela</commonName>
                    </taxonomicClassification>
                    <taxonomicClassification>
                          <taxonRankName>Species</taxonRankName>
                        <taxonRankValue>Colibri coruscans</taxonRankValue>
                          <commonName>Colibrí Rutilante</commonName>
                    </taxonomicClassification>
                    <taxonomicClassification>
                          <taxonRankName>Species</taxonRankName>
                        <taxonRankValue>Colibri thalassinus</taxonRankValue>
                          <commonName>Colibrí Verdemar</commonName>
                    </taxonomicClassification>
                    <taxonomicClassification>
                          <taxonRankName>Species</taxonRankName>
                        <taxonRankValue>Columba livia</taxonRankValue>
                          <commonName>Paloma Bravía</commonName>
                    </taxonomicClassification>
                    <taxonomicClassification>
                          <taxonRankName>Species</taxonRankName>
                        <taxonRankValue>Conirostrum rufum</taxonRankValue>
                          <commonName>Conirrostro Rufo</commonName>
                    </taxonomicClassification>
                    <taxonomicClassification>
                          <taxonRankName>Species</taxonRankName>
                        <taxonRankValue>Contopus cooperi</taxonRankValue>
                          <commonName>Pibí Boreal</commonName>
                    </taxonomicClassification>
                    <taxonomicClassification>
                          <taxonRankName>Species</taxonRankName>
                        <taxonRankValue>Contopus sordidulus</taxonRankValue>
                          <commonName>Pibí Occidental</commonName>
                    </taxonomicClassification>
                    <taxonomicClassification>
                          <taxonRankName>Species</taxonRankName>
                        <taxonRankValue>Contopus virens</taxonRankValue>
                          <commonName>Pibí Oriental</commonName>
                    </taxonomicClassification>
                    <taxonomicClassification>
                          <taxonRankName>Species</taxonRankName>
                        <taxonRankValue>Coragyps atratus</taxonRankValue>
                          <commonName>Zopilote Negro</commonName>
                    </taxonomicClassification>
                    <taxonomicClassification>
                          <taxonRankName>Species</taxonRankName>
                        <taxonRankValue>Crotophaga ani</taxonRankValue>
                          <commonName>Garrapatero Aní</commonName>
                    </taxonomicClassification>
                    <taxonomicClassification>
                          <taxonRankName>Species</taxonRankName>
                        <taxonRankValue>Crotophaga major</taxonRankValue>
                          <commonName>Garrapatero Mayor</commonName>
                    </taxonomicClassification>
                    <taxonomicClassification>
                          <taxonRankName>Species</taxonRankName>
                        <taxonRankValue>Cryptotis thomasi</taxonRankValue>
                          <commonName>Musaraña</commonName>
                    </taxonomicClassification>
                    <taxonomicClassification>
                          <taxonRankName>Species</taxonRankName>
                        <taxonRankValue>Cyprinus carpio</taxonRankValue>
                          <commonName>Carpa común</commonName>
                    </taxonomicClassification>
                    <taxonomicClassification>
                          <taxonRankName>Species</taxonRankName>
                        <taxonRankValue>Dendrocygna autumnalis</taxonRankValue>
                          <commonName>Suirirí Piquirrojo</commonName>
                    </taxonomicClassification>
                    <taxonomicClassification>
                          <taxonRankName>Species</taxonRankName>
                        <taxonRankValue>Dendropsophus molitor</taxonRankValue>
                          <commonName>Rana Sabanera</commonName>
                    </taxonomicClassification>
                    <taxonomicClassification>
                          <taxonRankName>Species</taxonRankName>
                        <taxonRankValue>Didelphis pernigra</taxonRankValue>
                          <commonName>Chucha orejinegra</commonName>
                    </taxonomicClassification>
                    <taxonomicClassification>
                          <taxonRankName>Species</taxonRankName>
                        <taxonRankValue>Diglossa humeralis</taxonRankValue>
                          <commonName>Pinchaflor Negro</commonName>
                    </taxonomicClassification>
                    <taxonomicClassification>
                          <taxonRankName>Species</taxonRankName>
                        <taxonRankValue>Diglossa sittoides</taxonRankValue>
                          <commonName>Pinchaflor Ferrugíneo</commonName>
                    </taxonomicClassification>
                    <taxonomicClassification>
                          <taxonRankName>Species</taxonRankName>
                        <taxonRankValue>Dryobates fumigatus</taxonRankValue>
                          <commonName>Carpintero Ahumado</commonName>
                    </taxonomicClassification>
                    <taxonomicClassification>
                        <taxonRankValue>Egretta caerulea</taxonRankValue>
                          <commonName>Garceta Azul</commonName>
                    </taxonomicClassification>
                    <taxonomicClassification>
                          <taxonRankName>Species</taxonRankName>
                        <taxonRankValue>Egretta thula</taxonRankValue>
                          <commonName>Garceta Nívea</commonName>
                    </taxonomicClassification>
                    <taxonomicClassification>
                          <taxonRankName>Species</taxonRankName>
                        <taxonRankValue>Elaenia flavogaster</taxonRankValue>
                          <commonName>Fiofío Ventriamarillo</commonName>
                    </taxonomicClassification>
                    <taxonomicClassification>
                          <taxonRankName>Species</taxonRankName>
                        <taxonRankValue>Elaenia frantzii</taxonRankValue>
                          <commonName>Fiofío Montano</commonName>
                    </taxonomicClassification>
                    <taxonomicClassification>
                          <taxonRankName>Species</taxonRankName>
                        <taxonRankValue>Elanus leucurus</taxonRankValue>
                          <commonName>Elanio Maromero</commonName>
                    </taxonomicClassification>
                    <taxonomicClassification>
                          <taxonRankName>Species</taxonRankName>
                        <taxonRankValue>Empidonax virescens</taxonRankValue>
                          <commonName>Mosquero Verdoso</commonName>
                    </taxonomicClassification>
                    <taxonomicClassification>
                          <taxonRankName>Species</taxonRankName>
                        <taxonRankValue>Empidonomus varius</taxonRankValue>
                          <commonName>Tuquito Rayado</commonName>
                    </taxonomicClassification>
                    <taxonomicClassification>
                          <taxonRankName>Species</taxonRankName>
                        <taxonRankValue>Eremophilus mutisii</taxonRankValue>
                          <commonName>Capitan de la sabana</commonName>
                    </taxonomicClassification>
                    <taxonomicClassification>
                          <taxonRankName>Species</taxonRankName>
                        <taxonRankValue>Erythrolamprus epinephelus</taxonRankValue>
                          <commonName>Culebra de pantano</commonName>
                    </taxonomicClassification>
                    <taxonomicClassification>
                          <taxonRankName>Species</taxonRankName>
                        <taxonRankValue>Eudocimus ruber</taxonRankValue>
                          <commonName>Corocoro Rojo</commonName>
                    </taxonomicClassification>
                    <taxonomicClassification>
                          <taxonRankName>Species</taxonRankName>
                        <taxonRankValue>Eumorpha fasciatus</taxonRankValue>
                          <commonName>Polilla esfinje fajada</commonName>
                    </taxonomicClassification>
                    <taxonomicClassification>
                          <taxonRankName>Species</taxonRankName>
                        <taxonRankValue>Falco columbarius</taxonRankValue>
                          <commonName>Esmerejón</commonName>
                    </taxonomicClassification>
                    <taxonomicClassification>
                          <taxonRankName>Species</taxonRankName>
                        <taxonRankValue>Falco peregrinus</taxonRankValue>
                          <commonName>Halcón Peregrino</commonName>
                    </taxonomicClassification>
                    <taxonomicClassification>
                          <taxonRankName>Species</taxonRankName>
                        <taxonRankValue>Falco sparverius</taxonRankValue>
                          <commonName>Cernícalo Americano</commonName>
                    </taxonomicClassification>
                    <taxonomicClassification>
                          <taxonRankName>Species</taxonRankName>
                        <taxonRankValue>Forpus conspicillatus</taxonRankValue>
                          <commonName>Cotorrita de Anteojos</commonName>
                    </taxonomicClassification>
                    <taxonomicClassification>
                          <taxonRankName>Species</taxonRankName>
                        <taxonRankValue>Fulica americana</taxonRankValue>
                          <commonName>Focha Americana</commonName>
                    </taxonomicClassification>
                    <taxonomicClassification>
                          <taxonRankName>Species</taxonRankName>
                        <taxonRankValue>Gallinago nobilis</taxonRankValue>
                          <commonName>Agachadiza Noble</commonName>
                    </taxonomicClassification>
                    <taxonomicClassification>
                          <taxonRankName>Species</taxonRankName>
                        <taxonRankValue>Gallinula galeata</taxonRankValue>
                          <commonName>Tagüita del norte</commonName>
                    </taxonomicClassification>
                    <taxonomicClassification>
                          <taxonRankName>Species</taxonRankName>
                        <taxonRankValue>Geothlypis philadelphia</taxonRankValue>
                          <commonName>Reinita Plañidera</commonName>
                    </taxonomicClassification>
                    <taxonomicClassification>
                          <taxonRankName>Species</taxonRankName>
                        <taxonRankValue>Grundulus bogotensis</taxonRankValue>
                          <commonName>Guapucha</commonName>
                    </taxonomicClassification>
                    <taxonomicClassification>
                          <taxonRankName>Species</taxonRankName>
                        <taxonRankValue>Gymnomystax mexicanus</taxonRankValue>
                          <commonName>Chango Oriolino</commonName>
                    </taxonomicClassification>
                    <taxonomicClassification>
                          <taxonRankName>Species</taxonRankName>
                        <taxonRankValue>Hirundo rustica</taxonRankValue>
                          <commonName>Golondrina Común</commonName>
                    </taxonomicClassification>
                    <taxonomicClassification>
                          <taxonRankName>Species</taxonRankName>
                        <taxonRankValue>Icterus chrysater</taxonRankValue>
                          <commonName>Turpial Dorsidorado</commonName>
                    </taxonomicClassification>
                    <taxonomicClassification>
                          <taxonRankName>Species</taxonRankName>
                        <taxonRankValue>Icterus icterus</taxonRankValue>
                          <commonName>Turpial Venezolano</commonName>
                    </taxonomicClassification>
                    <taxonomicClassification>
                          <taxonRankName>Species</taxonRankName>
                        <taxonRankValue>Icterus nigrogularis</taxonRankValue>
                          <commonName>Turpial Amarillo</commonName>
                    </taxonomicClassification>
                    <taxonomicClassification>
                          <taxonRankName>Species</taxonRankName>
                        <taxonRankValue>Leiothlypis peregrina</taxonRankValue>
                          <commonName>Reinita de Tennessee</commonName>
                    </taxonomicClassification>
                    <taxonomicClassification>
                          <taxonRankName>Species</taxonRankName>
                        <taxonRankValue>Lesbia nuna</taxonRankValue>
                          <commonName>Colibrí Colilargo Menor</commonName>
                    </taxonomicClassification>
                    <taxonomicClassification>
                          <taxonRankName>Species</taxonRankName>
                        <taxonRankValue>Leucophaeus atricilla</taxonRankValue>
                          <commonName>Gaviota Guanaguanare</commonName>
                    </taxonomicClassification>
                    <taxonomicClassification>
                          <taxonRankName>Species</taxonRankName>
                        <taxonRankValue>Lithobates catesbeianus</taxonRankValue>
                          <commonName>Rana Toro</commonName>
                    </taxonomicClassification>
                    <taxonomicClassification>
                          <taxonRankName>Species</taxonRankName>
                        <taxonRankValue>Mecocerculus leucophrys</taxonRankValue>
                          <commonName>Piojito Gargantilla</commonName>
                    </taxonomicClassification>
                    <taxonomicClassification>
                          <taxonRankName>Species</taxonRankName>
                        <taxonRankValue>Megaceryle torquata</taxonRankValue>
                          <commonName>Martín Gigante Neotropical</commonName>
                    </taxonomicClassification>
                    <taxonomicClassification>
                          <taxonRankName>Species</taxonRankName>
                        <taxonRankValue>Megascops choliba</taxonRankValue>
                          <commonName>Autillo Chóliba</commonName>
                    </taxonomicClassification>
                    <taxonomicClassification>
                          <taxonRankName>Species</taxonRankName>
                        <taxonRankValue>Melanerpes rubricapillus</taxonRankValue>
                          <commonName>Carpintero Coronirrojo</commonName>
                    </taxonomicClassification>
                    <taxonomicClassification>
                          <taxonRankName>Species</taxonRankName>
                        <taxonRankValue>Mesamphiagrion laterale</taxonRankValue>
                          <commonName>Caballitos de Alas Angostas</commonName>
                    </taxonomicClassification>
                    <taxonomicClassification>
                          <taxonRankName>Species</taxonRankName>
                        <taxonRankValue>Mimus gilvus</taxonRankValue>
                          <commonName>Sinsonte Tropical</commonName>
                    </taxonomicClassification>
                    <taxonomicClassification>
                          <taxonRankName>Species</taxonRankName>
                        <taxonRankValue>Mniotilta varia</taxonRankValue>
                          <commonName>Reinita Trepadora</commonName>
                    </taxonomicClassification>
                    <taxonomicClassification>
                          <taxonRankName>Species</taxonRankName>
                        <taxonRankValue>Molothrus bonariensis</taxonRankValue>
                          <commonName>Tordo Renegrido</commonName>
                    </taxonomicClassification>
                    <taxonomicClassification>
                          <taxonRankName>Species</taxonRankName>
                        <taxonRankValue>Mustela frenata</taxonRankValue>
                          <commonName>Comadreja Andina</commonName>
                    </taxonomicClassification>
                    <taxonomicClassification>
                          <taxonRankName>Species</taxonRankName>
                        <taxonRankValue>Myiarchus crinitus</taxonRankValue>
                          <commonName>Copetón Viajero</commonName>
                    </taxonomicClassification>
                    <taxonomicClassification>
                          <taxonRankName>Species</taxonRankName>
                        <taxonRankValue>Myiodynastes luteiventris</taxonRankValue>
                          <commonName>Bienteveo Ventriazufrado</commonName>
                    </taxonomicClassification>
                    <taxonomicClassification>
                          <taxonRankName>Species</taxonRankName>
                        <taxonRankValue>Numida meleagris</taxonRankValue>
                          <commonName>Gallina de Ginea</commonName>
                    </taxonomicClassification>
                    <taxonomicClassification>
                          <taxonRankName>Species</taxonRankName>
                        <taxonRankValue>Nycticorax nycticorax</taxonRankValue>
                          <commonName>Martinete Común</commonName>
                    </taxonomicClassification>
                    <taxonomicClassification>
                          <taxonRankName>Species</taxonRankName>
                        <taxonRankValue>Oligoryzomys sp3.</taxonRankValue>
                          <commonName>Raton arrocero pigmeo</commonName>
                    </taxonomicClassification>
                    <taxonomicClassification>
                          <taxonRankName>Species</taxonRankName>
                        <taxonRankValue>Orochelidon murina</taxonRankValue>
                          <commonName>Golondrina Ventriparda</commonName>
                    </taxonomicClassification>
                    <taxonomicClassification>
                          <taxonRankName>Species</taxonRankName>
                        <taxonRankValue>Oxyura jamaicensis</taxonRankValue>
                          <commonName>Malvasía Canela</commonName>
                    </taxonomicClassification>
                    <taxonomicClassification>
                          <taxonRankName>Species</taxonRankName>
                        <taxonRankValue>Pachylis sp2.</taxonRankValue>
                          <commonName>Chinches de patas grandes</commonName>
                    </taxonomicClassification>
                    <taxonomicClassification>
                          <taxonRankName>Species</taxonRankName>
                        <taxonRankValue>Pandion haliaetus</taxonRankValue>
                          <commonName>Águila Pescadora</commonName>
                    </taxonomicClassification>
                    <taxonomicClassification>
                          <taxonRankName>Species</taxonRankName>
                        <taxonRankValue>Parkesia noveboracensis</taxonRankValue>
                          <commonName>Reinita Charquera Norteña</commonName>
                    </taxonomicClassification>
                    <taxonomicClassification>
                          <taxonRankName>Species</taxonRankName>
                        <taxonRankValue>Paroaria nigrogenis</taxonRankValue>
                          <commonName>Cardenilla Enmascarada</commonName>
                    </taxonomicClassification>
                    <taxonomicClassification>
                          <taxonRankName>Species</taxonRankName>
                        <taxonRankValue>Patagioenas fasciata</taxonRankValue>
                          <commonName>Paloma Torcaza</commonName>
                    </taxonomicClassification>
                    <taxonomicClassification>
                          <taxonRankName>Species</taxonRankName>
                        <taxonRankValue>Pelecanus occidentalis</taxonRankValue>
                          <commonName>Pelícano Pardo</commonName>
                    </taxonomicClassification>
                    <taxonomicClassification>
                          <taxonRankName>Species</taxonRankName>
                        <taxonRankValue>Penelope montagnii</taxonRankValue>
                          <commonName>Pava Andina</commonName>
                    </taxonomicClassification>
                    <taxonomicClassification>
                          <taxonRankName>Species</taxonRankName>
                        <taxonRankValue>Phalacrocorax brasilianus</taxonRankValue>
                          <commonName>Cormorán Biguá</commonName>
                    </taxonomicClassification>
                    <taxonomicClassification>
                          <taxonRankName>Species</taxonRankName>
                        <taxonRankValue>Pheucticus aureoventris</taxonRankValue>
                          <commonName>Picogrueso Dorsinegro</commonName>
                    </taxonomicClassification>
                    <taxonomicClassification>
                          <taxonRankName>Species</taxonRankName>
                        <taxonRankValue>Pheucticus ludovicianus</taxonRankValue>
                          <commonName>Picogrueso Pechirrosado</commonName>
                    </taxonomicClassification>
                    <taxonomicClassification>
                          <taxonRankName>Species</taxonRankName>
                        <taxonRankValue>Phimosus infuscatus</taxonRankValue>
                          <commonName>Ibis Afeitado</commonName>
                    </taxonomicClassification>
                    <taxonomicClassification>
                          <taxonRankName>Species</taxonRankName>
                        <taxonRankValue>Pipraeidea melanonota</taxonRankValue>
                          <commonName>Tangara de Antifaz</commonName>
                    </taxonomicClassification>
                    <taxonomicClassification>
                          <taxonRankName>Species</taxonRankName>
                        <taxonRankValue>Piranga olivacea</taxonRankValue>
                          <commonName>Piranga Escarlata</commonName>
                    </taxonomicClassification>
                    <taxonomicClassification>
                          <taxonRankName>Species</taxonRankName>
                        <taxonRankValue>Piranga rubra</taxonRankValue>
                          <commonName>Piranga Roja</commonName>
                    </taxonomicClassification>
                    <taxonomicClassification>
                          <taxonRankName>Species</taxonRankName>
                        <taxonRankValue>Pitangus sulphuratus</taxonRankValue>
                          <commonName>Bienteveo Común</commonName>
                    </taxonomicClassification>
                    <taxonomicClassification>
                          <taxonRankName>Species</taxonRankName>
                        <taxonRankValue>Plegadis falcinellus</taxonRankValue>
                          <commonName>Morito Común</commonName>
                    </taxonomicClassification>
                    <taxonomicClassification>
                          <taxonRankName>Species</taxonRankName>
                        <taxonRankValue>Podilymbus podiceps</taxonRankValue>
                          <commonName>Zampullín Picogrueso</commonName>
                    </taxonomicClassification>
                    <taxonomicClassification>
                          <taxonRankName>Species</taxonRankName>
                        <taxonRankValue>Poecilia reticulata</taxonRankValue>
                          <commonName>Guppy</commonName>
                    </taxonomicClassification>
                    <taxonomicClassification>
                          <taxonRankName>Species</taxonRankName>
                        <taxonRankValue>Porphyrio martinica</taxonRankValue>
                          <commonName>Calamoncillo Americano</commonName>
                    </taxonomicClassification>
                    <taxonomicClassification>
                          <taxonRankName>Species</taxonRankName>
                        <taxonRankValue>Porphyriops melanops</taxonRankValue>
                          <commonName>Gallineta Pintada</commonName>
                    </taxonomicClassification>
                    <taxonomicClassification>
                          <taxonRankName>Species</taxonRankName>
                        <taxonRankValue>Porzana carolina</taxonRankValue>
                          <commonName>Polluela Sora</commonName>
                    </taxonomicClassification>
                    <taxonomicClassification>
                          <taxonRankName>Species</taxonRankName>
                        <taxonRankValue>Procambarus clarkii</taxonRankValue>
                          <commonName>Cangrejo de americano</commonName>
                    </taxonomicClassification>
                    <taxonomicClassification>
                          <taxonRankName>Species</taxonRankName>
                        <taxonRankValue>Progne tapera</taxonRankValue>
                          <commonName>Golondrina Parda</commonName>
                    </taxonomicClassification>
                    <taxonomicClassification>
                          <taxonRankName>Species</taxonRankName>
                        <taxonRankValue>Protonotaria citrea</taxonRankValue>
                          <commonName>Reinita Protonotaria</commonName>
                    </taxonomicClassification>
                    <taxonomicClassification>
                          <taxonRankName>Species</taxonRankName>
                        <taxonRankValue>Pseudocolopteryx acutipennis</taxonRankValue>
                          <commonName>Doradito Oliváceo</commonName>
                    </taxonomicClassification>
                    <taxonomicClassification>
                          <taxonRankName>Species</taxonRankName>
                        <taxonRankValue>Pteroglossus torquatus</taxonRankValue>
                          <commonName>Arasarí Acollarado</commonName>
                    </taxonomicClassification>
                    <taxonomicClassification>
                          <taxonRankName>Species</taxonRankName>
                        <taxonRankValue>Pygochelidon cyanoleuca</taxonRankValue>
                          <commonName>Golondrina Barranquera</commonName>
                    </taxonomicClassification>
                    <taxonomicClassification>
                          <taxonRankName>Species</taxonRankName>
                        <taxonRankValue>Pyrocephalus rubinus</taxonRankValue>
                          <commonName>Mosquero Cardenal</commonName>
                    </taxonomicClassification>
                    <taxonomicClassification>
                          <taxonRankName>Species</taxonRankName>
                        <taxonRankValue>Quesada gigas</taxonRankValue>
                          <commonName>Chicharra</commonName>
                    </taxonomicClassification>
                    <taxonomicClassification>
                          <taxonRankName>Species</taxonRankName>
                        <taxonRankValue>Quiscalus lugubris</taxonRankValue>
                          <commonName>Zanate Caribeño</commonName>
                    </taxonomicClassification>
                    <taxonomicClassification>
                          <taxonRankName>Species</taxonRankName>
                        <taxonRankValue>Rallus semiplumbeus</taxonRankValue>
                          <commonName>Rascón de Bogotá</commonName>
                    </taxonomicClassification>
                    <taxonomicClassification>
                          <taxonRankName>Species</taxonRankName>
                        <taxonRankValue>Ramphocelus dimidiatus</taxonRankValue>
                          <commonName>Tangara Dorsirroja</commonName>
                    </taxonomicClassification>
                    <taxonomicClassification>
                          <taxonRankName>Species</taxonRankName>
                        <taxonRankValue>Rhionaeschna marchali</taxonRankValue>
                          <commonName>Libélulas Zurcidoras de Ojos Azules </commonName>
                    </taxonomicClassification>
                    <taxonomicClassification>
                          <taxonRankName>Species</taxonRankName>
                        <taxonRankValue>Riparia riparia</taxonRankValue>
                          <commonName>Avión Zapador</commonName>
                    </taxonomicClassification>
                    <taxonomicClassification>
                          <taxonRankName>Species</taxonRankName>
                        <taxonRankValue>Rostrhamus sociabilis</taxonRankValue>
                          <commonName>Caracolero Común</commonName>
                    </taxonomicClassification>
                    <taxonomicClassification>
                          <taxonRankName>Species</taxonRankName>
                        <taxonRankValue>Rupornis magnirostris</taxonRankValue>
                          <commonName>Busardo Caminero</commonName>
                    </taxonomicClassification>
                    <taxonomicClassification>
                          <taxonRankName>Species</taxonRankName>
                        <taxonRankValue>Rynchops niger</taxonRankValue>
                          <commonName>Rayador Americano</commonName>
                    </taxonomicClassification>
                    <taxonomicClassification>
                          <taxonRankName>Species</taxonRankName>
                        <taxonRankValue>Saltator coerulescens</taxonRankValue>
                          <commonName>Pepitero Grisáceo</commonName>
                    </taxonomicClassification>
                    <taxonomicClassification>
                          <taxonRankName>Species</taxonRankName>
                        <taxonRankValue>Sayornis nigricans</taxonRankValue>
                          <commonName>Mosquero Negro</commonName>
                    </taxonomicClassification>
                    <taxonomicClassification>
                          <taxonRankName>Species</taxonRankName>
                        <taxonRankValue>Sciurus granatensis</taxonRankValue>
                          <commonName>Ardilla de cola roja</commonName>
                    </taxonomicClassification>
                    <taxonomicClassification>
                          <taxonRankName>Species</taxonRankName>
                        <taxonRankValue>Serpophaga cinerea</taxonRankValue>
                          <commonName>Piojito Guardarríos</commonName>
                    </taxonomicClassification>
                    <taxonomicClassification>
                          <taxonRankName>Species</taxonRankName>
                        <taxonRankValue>Setophaga castanea</taxonRankValue>
                          <commonName>Reinita Castaña</commonName>
                    </taxonomicClassification>
                    <taxonomicClassification>
                          <taxonRankName>Species</taxonRankName>
                        <taxonRankValue>Setophaga fusca</taxonRankValue>
                          <commonName>Reinita Gorjinaranja</commonName>
                    </taxonomicClassification>
                    <taxonomicClassification>
                          <taxonRankName>Species</taxonRankName>
                        <taxonRankValue>Setophaga petechia</taxonRankValue>
                          <commonName>Reinita de Manglar</commonName>
                    </taxonomicClassification>
                    <taxonomicClassification>
                          <taxonRankName>Species</taxonRankName>
                        <taxonRankValue>Setophaga ruticilla</taxonRankValue>
                          <commonName>Candelita Norteña</commonName>
                    </taxonomicClassification>
                    <taxonomicClassification>
                          <taxonRankName>Species</taxonRankName>
                        <taxonRankValue>Setophaga striata</taxonRankValue>
                          <commonName>Reinita Estriada</commonName>
                    </taxonomicClassification>
                    <taxonomicClassification>
                          <taxonRankName>Species</taxonRankName>
                        <taxonRankValue>Sicalis flaveola</taxonRankValue>
                          <commonName>Chirigüe Azafranado</commonName>
                    </taxonomicClassification>
                    <taxonomicClassification>
                          <taxonRankName>Species</taxonRankName>
                        <taxonRankValue>Sicalis luteola</taxonRankValue>
                          <commonName>Chirigüe Sabanero</commonName>
                    </taxonomicClassification>
                    <taxonomicClassification>
                          <taxonRankName>Species</taxonRankName>
                        <taxonRankValue>Spatula discors</taxonRankValue>
                          <commonName>Cerceta Aliazul</commonName>
                    </taxonomicClassification>
                    <taxonomicClassification>
                          <taxonRankName>Species</taxonRankName>
                        <taxonRankValue>Spinus psaltria</taxonRankValue>
                          <commonName>Jilguero Menor</commonName>
                    </taxonomicClassification>
                    <taxonomicClassification>
                          <taxonRankName>Species</taxonRankName>
                        <taxonRankValue>Spinus spinescens</taxonRankValue>
                          <commonName>Jilguero Andino</commonName>
                    </taxonomicClassification>
                    <taxonomicClassification>
                          <taxonRankName>Species</taxonRankName>
                        <taxonRankValue>Stenocercus trachycephalus</taxonRankValue>
                          <commonName>Lagarto collarejo</commonName>
                    </taxonomicClassification>
                    <taxonomicClassification>
                          <taxonRankName>Species</taxonRankName>
                        <taxonRankValue>Sturnella magna</taxonRankValue>
                          <commonName>Turpial Oriental</commonName>
                    </taxonomicClassification>
                    <taxonomicClassification>
                          <taxonRankName>Species</taxonRankName>
                        <taxonRankValue>Synallaxis subpudica</taxonRankValue>
                          <commonName>Pijuí de Cundinamarca</commonName>
                    </taxonomicClassification>
                    <taxonomicClassification>
                          <taxonRankName>Species</taxonRankName>
                        <taxonRankValue>Systellura longirostris</taxonRankValue>
                          <commonName>Chotacabra Serrana</commonName>
                    </taxonomicClassification>
                    <taxonomicClassification>
                          <taxonRankName>Species</taxonRankName>
                        <taxonRankValue>Thraupis episcopus</taxonRankValue>
                          <commonName>Tangara Azuleja</commonName>
                    </taxonomicClassification>
                    <taxonomicClassification>
                          <taxonRankName>Species</taxonRankName>
                        <taxonRankValue>Thraupis palmarum</taxonRankValue>
                          <commonName>Tangara Palmera</commonName>
                    </taxonomicClassification>
                    <taxonomicClassification>
                          <taxonRankName>Species</taxonRankName>
                        <taxonRankValue>Trachemys calirostris</taxonRankValue>
                          <commonName>Tortuga Colombiana</commonName>
                    </taxonomicClassification>
                    <taxonomicClassification>
                          <taxonRankName>Species</taxonRankName>
                        <taxonRankValue>Tringa flavipes</taxonRankValue>
                          <commonName>Archibebe Patigualdo Chico</commonName>
                    </taxonomicClassification>
                    <taxonomicClassification>
                          <taxonRankName>Species</taxonRankName>
                        <taxonRankValue>Tringa melanoleuca</taxonRankValue>
                          <commonName>Archibebe Patigualdo Grande</commonName>
                    </taxonomicClassification>
                    <taxonomicClassification>
                          <taxonRankName>Species</taxonRankName>
                        <taxonRankValue>Tringa solitaria</taxonRankValue>
                          <commonName>Andarríos Solitario</commonName>
                    </taxonomicClassification>
                    <taxonomicClassification>
                          <taxonRankName>Species</taxonRankName>
                        <taxonRankValue>Troglodytes aedon</taxonRankValue>
                          <commonName>Chercán</commonName>
                    </taxonomicClassification>
                    <taxonomicClassification>
                          <taxonRankName>Species</taxonRankName>
                        <taxonRankValue>Turdus fuscater</taxonRankValue>
                          <commonName>Mirlo Grande</commonName>
                    </taxonomicClassification>
                    <taxonomicClassification>
                          <taxonRankName>Species</taxonRankName>
                        <taxonRankValue>Tyrannus melancholicus</taxonRankValue>
                          <commonName>Tirano Melancólico</commonName>
                    </taxonomicClassification>
                    <taxonomicClassification>
                          <taxonRankName>Species</taxonRankName>
                        <taxonRankValue>Tyrannus savana</taxonRankValue>
                          <commonName>Tijereta Sabanera</commonName>
                    </taxonomicClassification>
                    <taxonomicClassification>
                          <taxonRankName>Species</taxonRankName>
                        <taxonRankValue>Tyrannus tyrannus</taxonRankValue>
                          <commonName>Tirano Oriental</commonName>
                    </taxonomicClassification>
                    <taxonomicClassification>
                          <taxonRankName>Species</taxonRankName>
                        <taxonRankValue>Tyto alba</taxonRankValue>
                          <commonName>Lechuza Común</commonName>
                    </taxonomicClassification>
                    <taxonomicClassification>
                          <taxonRankName>Species</taxonRankName>
                        <taxonRankValue>Vanellus chilensis</taxonRankValue>
                          <commonName>Avefría Tero</commonName>
                    </taxonomicClassification>
                    <taxonomicClassification>
                          <taxonRankName>Species</taxonRankName>
                        <taxonRankValue>Vanessa virginiensis</taxonRankValue>
                          <commonName>Dama americana</commonName>
                    </taxonomicClassification>
                    <taxonomicClassification>
                          <taxonRankName>Species</taxonRankName>
                        <taxonRankValue>Vireo flavoviridis</taxonRankValue>
                          <commonName>Vireo Verdiamarillo</commonName>
                    </taxonomicClassification>
                    <taxonomicClassification>
                          <taxonRankName>Species</taxonRankName>
                        <taxonRankValue>Vireo olivaceus</taxonRankValue>
                          <commonName>Vireo Chiví</commonName>
                    </taxonomicClassification>
                    <taxonomicClassification>
                          <taxonRankName>Species</taxonRankName>
                        <taxonRankValue>Zenaida auriculata</taxonRankValue>
                          <commonName>Zenaida Torcaza</commonName>
                    </taxonomicClassification>
                    <taxonomicClassification>
                          <taxonRankName>Species</taxonRankName>
                        <taxonRankValue>Zimmerius chrysops</taxonRankValue>
                          <commonName>Tiranuelo Cejiamarillo</commonName>
                    </taxonomicClassification>
                    <taxonomicClassification>
                          <taxonRankName>Species</taxonRankName>
                        <taxonRankValue>Zonotrichia capensis</taxonRankValue>
                          <commonName>Chingolo Común</commonName>
                    </taxonomicClassification>
              </taxonomicCoverage>
      </coverage>
      <maintenance>
          <description>
              <para></para>
          </description>
          <maintenanceUpdateFrequency>unkown</maintenanceUpdateFrequency>
      </maintenance>
      <contact>
    <individualName>
<givenName>Julio César</givenName>          <surName>Martínez</surName>
    </individualName>
<organizationName>Aguas de Bogotá SA ESP</organizationName><positionName>Profesional de Monitoreo de Fauna</positionName>    <address>
<city>Bogotá</city><country>COLOMBIA</country>    </address>
<electronicMailAddress>julio.martinez@aguasdebogota.com.co</electronicMailAddress>      <userId directory="http://orcid.org/">0000-0002-7552-6803</userId>
      </contact>
      <contact>
    <individualName>
<givenName>Normarvel</givenName>          <surName>Sánchez</surName>
    </individualName>
<organizationName>Aguas de Bogotá SA ESP</organizationName><positionName>Coordinadora</positionName>    <address>
<city>Bogotá</city><country>COLOMBIA</country>    </address>
<electronicMailAddress>normarvel.sanchez@aguasdebogta.com.co</electronicMailAddress>      </contact>
      <methods>
            <methodStep>
                <description>
                    <para>En cada mapeo de parcela, cada supervisor y profesional operativo realizan entre 4 y 5 visitas al dia, donde registran cada una de las especies presentes durante las actividades de mantenimiento; ademas de verificar si hay nidos o puestas dentro del área de intervención; cada supervisor registra en bitácora de campo, la actividad que realiza cada individuo, la cobertura a la que se encuentra asociado cada individuo y las coordenadas con GPS o la aplicación SWMaps. Los transectos (Transecto libres) permiten registras la fauna que se encuentra fuera de las zonas de mantenimiento, su velocidad de recorrido no excede los 5 kilometros por hora y los datos son registrados en bitacora de campo utilizando los mismos equipos de georreferenciación</para>
                </description>
            </methodStep>
            <sampling>
                <studyExtent>
                    <description>
                        <para>Se efectuó el mantenimiento y seguimiento a la fauna a un total de 721,44 ha de la franja terrestre y acuática de los PEDH del Distrito Capital.</para>
                    </description>
                </studyExtent>
                <samplingDescription>
                    <para>Se realizará un sistema de monitoreo complementario para la obtención de datos de los diferentes grupos biológicos principales de vertebrados (Aves, Mamíferos, Reptiles y Anfibios). Para ello se efectuarán muestreos por censos (Mapeo de Parcelas), transectos (Transectos libres), Capturas (Trampeo con redes), Búsqueda de nidos en época de reproducción, trampas de caída para la herpetofauna, así como la presencia de huellas y lugares de forrajeo.</para>
                </samplingDescription>
            </sampling>
            <qualityControl>
                <description>
                    <para>Las especies identificadas en campo de los diferentes grupos biológicos, son verificadas por el especialista en fauna: Julio César Martínez Ortega, ademas de tener como base las guías de aves &quot;Fild Guide to the Birds of Colombia&quot;, la base taxonómica de aves de la Asociación Ornitologica de Aves que mediante el Comité de Clasificación de América del Sur (por sus siglas en ingles SACC) mensualmente actualizan la sistemática de aves. Libros Rojos de Mamiferos de Colombia, Catalogo de Anfibios y Reptiles de Colombia y la Guía de Insectos de Santa Fe de Bogotá y sus alrededores</para>
                </description>
            </qualityControl>
      </methods>

      <project id="CESP2019-004">
          <title>Realizar el mantenimiento integral de los Parques Ecológicos Distritales de Humedal que permitan su protección, recuperación y conservación de las condiciones ecosistémicas y la mitigación de los riesgos de inundación, como medida de prevención en el sistema hídrico aferente en el Distrito Capital</title>
          <personnel>
    <individualName>
<givenName>Julio César</givenName>          <surName>Martínez</surName>
    </individualName>
      <userId directory="http://orcid.org/">0000-0002-7552-6803</userId>
    <role>ADMINISTRATIVE_POINT_OF_CONTACT</role>
          </personnel>
          <abstract>
              <para>Los contratos interadministrativos 9-99-24300-1255-2019 y 9-99-23400-0714-2019, fueron suscritos entre la Empresa de acueducto y alcantarillado de Bogotá-EAAB E.S.P. y Aguas de Bogotá S.A. E.S.P.; con el objeto de Realizar el mantenimiento integral de los Parques Ecológicos Distritales de Humedal que permitan su protección, recuperación y conservación de las condiciones ecosistémicas y la mitigación de los riesgos de inundación, como medida de prevención en el sistema hídrico aferente en el Distrito Capital</para>
          </abstract>
          <funding>
              <para></para>
          </funding>
            <studyAreaDescription>
                <descriptor name="generic" citableClassificationSystem="false">
                    <descriptorValue>Los contratos interadministrativos 9-99-24300-1255-2019 y 9-99-24300-0714-2019, se desarrollaron en los quince (15) parques Ecológicos Distritales reconocidos en el Distrito: Torca Guaymaral, La Conejera, Juan Amarillo-Tibabuyes, Jaboque, Córdoba, Santa María del Lago, El Salitre, El Burro, La Vaca, Capellanía, De Techo, Meandro del Say, La Isla, El Tunjo y Tibanica, ubicados en Bogotá D.C.</descriptorValue>
                </descriptor>
            </studyAreaDescription>
      </project>
</dataset>

<additionalMetadata>
    <metadata>
      <gbif>
        <dateStamp>2021-03-29T09:38:36Z</dateStamp>
      <citation identifier="https://doi.org/10.15472/z4abrv">Martínez J C (2021). Seguimiento a la Fauna presente en las Actividades de Mantenimiento realizadas entre la Empresa de Acueducto y Alcantarillado de Bogotá ESP y Aguas de Bogotá SA ESP en los Parques Ecológicos Distritales de Humedal, Bogotá D.C.. Version 1.2. Aguas de Bogotá S.A. E.S.P.. Occurrence dataset https://doi.org/10.15472/z4abrv accessed via GBIF.org on 2021-03-29.</citation>
              <resourceLogoUrl>https://statics.sibcolombia.net/sib-resources/images/logos-socios/500px/ab.jpg</resourceLogoUrl>
        </gbif>
    </metadata>
</additionalMetadata>

</eml:eml>
