<?xml version="1.0" encoding="utf-8"?>
<eml:eml xmlns:eml="eml://ecoinformatics.org/eml-2.1.1" xmlns:xsi="http://www.w3.org/2001/XMLSchema-instance"
         xsi:schemaLocation="eml://ecoinformatics.org/eml-2.1.1 http://rs.gbif.org/schema/eml-gbif-profile/1.1/eml.xsd"
        packageId="29cd9f29-7c76-4e6b-a8b8-78d91eaf49bf"  system="http://gbif.org" scope="system"
  xml:lang="fr">

<dataset>
      <alternateIdentifier>10.15468/vn42mk</alternateIdentifier>
        <alternateIdentifier>http://ipt-inpn.gbif.fr/resource?r=IPT-66CF6855-2A29-7BF3-E053-2614A8C0F202</alternateIdentifier>
    <title>Données faune pour le rapportage européen DHFF-DO 2018</title>
    <creator>
    <individualName>
<givenName>n/a</givenName>          <surName>MORLON Francis</surName>
    </individualName>
<organizationName>Meridionalis</organizationName><positionName>n/a</positionName>    <address>
<country>FRANCE</country>    </address>
    </creator>
    <creator>
    <individualName>
<givenName>n/a</givenName>          <surName>n/a</surName>
    </individualName>
<organizationName>Union Régionale des Fédérations de pêche Languedoc-Roussillon</organizationName><positionName>n/a</positionName>    <address>
<country>FRANCE</country>    </address>
    </creator>
    <creator>
    <individualName>
<givenName>n/a</givenName>          <surName>GENIEZ Philippe</surName>
    </individualName>
<organizationName>CNRS-EPHE Base Malpolon</organizationName><positionName>n/a</positionName>    <address>
<country>FRANCE</country>    </address>
    </creator>
    <creator>
    <individualName>
<givenName>n/a</givenName>          <surName>PRIE Vincent</surName>
    </individualName>
<organizationName>Association Caracol</organizationName><positionName>n/a</positionName>    <address>
<country>FRANCE</country>    </address>
    </creator>
    <creator>
    <individualName>
<givenName>n/a</givenName>          <surName>n/a</surName>
    </individualName>
<organizationName>OPIE Languedoc-Roussillon</organizationName><positionName>n/a</positionName>    <address>
<country>FRANCE</country>    </address>
    </creator>
    <creator>
    <individualName>
<givenName>n/a</givenName>          <surName>n/a</surName>
    </individualName>
<organizationName>Groupe Chiroptères Languedoc-Roussillon</organizationName><positionName>n/a</positionName>    <address>
<country>FRANCE</country>    </address>
    </creator>
    <creator>
    <individualName>
<givenName>n/a</givenName>          <surName>n/a</surName>
    </individualName>
<organizationName>CEN Languedoc-Roussillon</organizationName><positionName>n/a</positionName>    <address>
<country>FRANCE</country>    </address>
    </creator>
    <creator>
    <individualName>
<givenName>n/a</givenName>          <surName>n/a</surName>
    </individualName>
<organizationName>CEFE-CNRS Montpellier</organizationName><positionName>n/a</positionName>    <address>
<country>FRANCE</country>    </address>
    </creator>
    <creator>
    <individualName>
<givenName>n/a</givenName>          <surName>n/a</surName>
    </individualName>
<organizationName>Fédération des Réserves Naturelles Catalanes</organizationName><positionName>n/a</positionName>    <address>
<country>FRANCE</country>    </address>
    </creator>
    <creator>
    <individualName>
<givenName>n/a</givenName>          <surName>n/a</surName>
    </individualName>
<organizationName>Ligue pour la Protection des Oiseaux de l&apos;Hérault</organizationName><positionName>n/a</positionName>    <address>
<country>FRANCE</country>    </address>
    </creator>
    <creator>
    <individualName>
<givenName>n/a</givenName>          <surName>n/a</surName>
    </individualName>
<organizationName>Aude Nature</organizationName><positionName>n/a</positionName>    <address>
<country>FRANCE</country>    </address>
    </creator>
    <creator>
    <individualName>
<givenName>n/a</givenName>          <surName>n/a</surName>
    </individualName>
<organizationName>Centre Ornithologique du Gard</organizationName><positionName>n/a</positionName>    <address>
<country>FRANCE</country>    </address>
    </creator>
    <creator>
    <individualName>
<givenName>n/a</givenName>          <surName>n/a</surName>
    </individualName>
<organizationName>Syndicat Mixte du bassin de l&apos;Or</organizationName><positionName>n/a</positionName>    <address>
<country>FRANCE</country>    </address>
    </creator>
    <creator>
    <individualName>
<givenName>n/a</givenName>          <surName>n/a</surName>
    </individualName>
<organizationName>Association Lozérienne pour l&apos;Etude et la Protection de l&apos;Environnement</organizationName><positionName>n/a</positionName>    <address>
<country>FRANCE</country>    </address>
    </creator>
    <creator>
    <individualName>
<givenName>n/a</givenName>          <surName>n/a</surName>
    </individualName>
<organizationName>Groupe Ornithologique du Roussillon</organizationName><positionName>n/a</positionName>    <address>
<country>FRANCE</country>    </address>
    </creator>
    <creator>
    <individualName>
<givenName>n/a</givenName>          <surName>n/a</surName>
    </individualName>
<organizationName>ONCFS-DR-LR</organizationName><positionName>n/a</positionName>    <address>
<country>FRANCE</country>    </address>
    </creator>
    <creator>
    <individualName>
<givenName>n/a</givenName>          <surName>n/a</surName>
    </individualName>
<organizationName>Ligue pour la Protection des Oiseaux de l&apos;Aude</organizationName><positionName>n/a</positionName>    <address>
<country>FRANCE</country>    </address>
    </creator>
    <metadataProvider>
    <individualName>
          <surName>Inventaire National du Patrimoine Naturel</surName>
    </individualName>
<organizationName>Unité mixte de service 2006 Patrimoine Naturel</organizationName><positionName>n/a</positionName>    <address>
<country>FRANCE</country>    </address>
    </metadataProvider>
    <associatedParty>
    <individualName>
          <surName>GBIF France</surName>
    </individualName>
<organizationName>GBIF France</organizationName><positionName>IT support</positionName>    <address>
<deliveryPoint>GBIF France - MNHN Géologie CP48, 43 rue Buffon</deliveryPoint><city>Paris</city><administrativeArea>Île-de-France</administrativeArea><postalCode>75005</postalCode><country>FRANCE</country>    </address>
<phone>+33140798065</phone><electronicMailAddress>connexion@gbif.fr</electronicMailAddress>    <role>DISTRIBUTOR</role>
    </associatedParty>
      <pubDate>
      2019-12-12
      </pubDate>
    <language>FRENCH</language>
    <abstract>
        <para>Observations de faune sur la partie ex Languedoc-Roussillon rattachées à la maille 10x10 km. Le jeu contient 1 061 215 observations dont 83% sont postérieures à 2010. Contient les observations de taxons faune cités dans les directives DHFF et DO à l’exception des observations d&amp;#39;oiseaux sensibles qui sont diffusées dans un autre jeu (3353_1) rattachées au département.</para>
    </abstract>
        <keywordSet>
              <keyword>Occurrence</keyword>
              <keywordThesaurus>GBIF Dataset Type Vocabulary: http://rs.gbif.org/vocabulary/gbif/dataset_type.xml</keywordThesaurus>
        </keywordSet>
      <intellectualRights>
        <para>This work is licensed under a <ulink url="http://creativecommons.org/licenses/by-nc/4.0/legalcode"><citetitle>Creative Commons Attribution Non Commercial (CC-BY-NC) 4.0 License</citetitle></ulink>.</para>
      </intellectualRights>
      <coverage>
            <geographicCoverage>
                  <geographicDescription>See map.</geographicDescription>
                  <boundingCoordinates>
                      <westBoundingCoordinate>1.705</westBoundingCoordinate>
                      <eastBoundingCoordinate>4.933</eastBoundingCoordinate>
                      <northBoundingCoordinate>44.924</northBoundingCoordinate>
                      <southBoundingCoordinate>42.31</southBoundingCoordinate>
                  </boundingCoordinates>
            </geographicCoverage>
      </coverage>
      <maintenance>
          <description>
              <para></para>
          </description>
          <maintenanceUpdateFrequency>unkown</maintenanceUpdateFrequency>
      </maintenance>
      <contact>
    <individualName>
<givenName>n/a</givenName>          <surName>BRUNO Eric</surName>
    </individualName>
<organizationName>DREAL Occitanie</organizationName><positionName>n/a</positionName>    <address>
<country>FRANCE</country>    </address>
<electronicMailAddress>eric-a.bruno@developpement-durable.gouv.fr</electronicMailAddress>      </contact>

</dataset>

<additionalMetadata>
    <metadata>
      <gbif>
        <dateStamp>2021-03-29T09:38:54Z</dateStamp>
      <citation>MORLON Francis N, n/a N, GENIEZ Philippe N, PRIE Vincent N, Inventaire National du Patrimoine Naturel (2019). Données faune pour le rapportage européen DHFF-DO 2018. UMS PatriNat (OFB-CNRS-MNHN), Paris. Occurrence dataset https://doi.org/10.15468/vn42mk accessed via GBIF.org on 2021-03-29.</citation>
        </gbif>
    </metadata>
</additionalMetadata>

</eml:eml>
