<?xml version="1.0" encoding="utf-8"?>
<eml:eml xmlns:eml="eml://ecoinformatics.org/eml-2.1.1" xmlns:xsi="http://www.w3.org/2001/XMLSchema-instance"
         xsi:schemaLocation="eml://ecoinformatics.org/eml-2.1.1 http://rs.gbif.org/schema/eml-gbif-profile/1.1/eml.xsd"
        packageId="33591b80-0e31-480c-82ce-2f57211b10e6"  system="http://gbif.org" scope="system"
  xml:lang="en">

<dataset>
      <alternateIdentifier>10.15468/k1pumk</alternateIdentifier>
        <alternateIdentifier>33591b80-0e31-480c-82ce-2f57211b10e6</alternateIdentifier>
        <alternateIdentifier>https://gbif.vm.ntnu.no/ipt/resource?r=benthic_invertebrates_biogeographical_mapping_ntnu_university_museum</alternateIdentifier>
    <title>Limnic freshwater benthic invertebrates biogeographical mapping/inventory NTNU University Museum</title>
    <creator>
    <individualName>
<givenName>Marc</givenName>          <surName>Daverdin</surName>
    </individualName>
<organizationName>NTNU University Museum</organizationName><positionName>Staff engineer</positionName><electronicMailAddress>marc.daverdin@ntnu.no</electronicMailAddress>    </creator>
    <metadataProvider>
    <individualName>
<givenName>Marc</givenName>          <surName>Daverdin</surName>
    </individualName>
<organizationName>NTNU University Museum</organizationName><positionName>Staff engineer</positionName><electronicMailAddress>marc.daverdin@ntnu.no</electronicMailAddress>    </metadataProvider>
    <associatedParty>
    <individualName>
<givenName>Marc</givenName>          <surName>Daverdin</surName>
    </individualName>
<electronicMailAddress>marc.daverdin@ntnu.no</electronicMailAddress>    <role>USER</role>
    </associatedParty>
      <pubDate>
      2021-03-23
      </pubDate>
    <language>ENGLISH</language>
    <abstract>
        <para>The freshwater benthic invertebrates’ collection at the NTNU University Museum dates back to 1962. Its material has been mainly collected in connection with regional mapping of species and nature types as well as effects of anthropogenic impacts, e.g. hydropower regulation, rotenone treatment and metal mine contamination.
Todays’ collection covers the taxonomical groups Annelida, Coleoptera, Diptera, Ephemeroptera, Hemiptera, Neuroptera, Odonata, Plecoptera, Trichoptera, Acari, Crustacea, Mollusca and represents more than 450 species. 
The geographic coverage is essentially mid and northern Norway; the collection has been sampled from more than 1490 localities (rivers, streams, lakes and ponds) with more than 29600 sampling events.</para>
    </abstract>
        <keywordSet>
              <keyword>Occurrence</keyword>
              <keywordThesaurus>GBIF Dataset Type Vocabulary: http://rs.gbif.org/vocabulary/gbif/dataset_type.xml</keywordThesaurus>
        </keywordSet>
        <keywordSet>
              <keyword>Samplingevent</keyword>
              <keywordThesaurus>GBIF Dataset Type Vocabulary: http://rs.gbif.org/vocabulary/gbif/dataset_type_2015-07-10.xml</keywordThesaurus>
        </keywordSet>
      <intellectualRights>
        <para>This work is licensed under a <ulink url="http://creativecommons.org/licenses/by/4.0/legalcode"><citetitle>Creative Commons Attribution (CC-BY) 4.0 License</citetitle></ulink>.</para>
      </intellectualRights>
      <maintenance>
          <description>
              <para></para>
          </description>
          <maintenanceUpdateFrequency>daily</maintenanceUpdateFrequency>
      </maintenance>
      <contact>
    <individualName>
<givenName>Karstein</givenName>          <surName>Hårsaker</surName>
    </individualName>
<organizationName>NTNU University Museum</organizationName><positionName>Collection manager</positionName><electronicMailAddress>karstein.harsaker@ntnu.no</electronicMailAddress>      </contact>

</dataset>

<additionalMetadata>
    <metadata>
      <gbif>
        <dateStamp>2021-03-29T09:38:41Z</dateStamp>
      <citation>Daverdin M (2021). Limnic freshwater benthic invertebrates biogeographical mapping/inventory NTNU University Museum. Version 1.437. NTNU University Museum. Sampling event dataset https://doi.org/10.15468/k1pumk accessed via GBIF.org on 2021-03-29.</citation>
              <resourceLogoUrl>https://gbif.vm.ntnu.no/ipt/logo.do?r=benthic_invertebrates_biogeographical_mapping_ntnu_university_museum</resourceLogoUrl>
        </gbif>
    </metadata>
</additionalMetadata>

</eml:eml>
