<?xml version="1.0" encoding="utf-8"?>
<eml:eml xmlns:eml="eml://ecoinformatics.org/eml-2.1.1" xmlns:xsi="http://www.w3.org/2001/XMLSchema-instance"
         xsi:schemaLocation="eml://ecoinformatics.org/eml-2.1.1 http://rs.gbif.org/schema/eml-gbif-profile/1.1/eml.xsd"
        packageId="44e8b95a-1850-4507-8fa0-a3a07f5dd936"  system="http://gbif.org" scope="system"
  xml:lang="en">

<dataset>
      <alternateIdentifier>10.15468/xdcsbl</alternateIdentifier>
        <alternateIdentifier>http://science-net.kahaku.go.jp/ipt2/resource?r=snet-1188-109</alternateIdentifier>
        <alternateIdentifier>44e8b95a-1850-4507-8fa0-a3a07f5dd936</alternateIdentifier>
    <title>Crustacean collection of the National Museum of Nature and Science</title>
    <creator>
    <individualName>
<givenName>Hironori</givenName>          <surName>Komatsu</surName>
    </individualName>
<organizationName>National Museum of Nature and Science</organizationName><positionName>Senior Curator</positionName>    <address>
<country>JAPAN</country>    </address>
<electronicMailAddress>h-komatu@kahaku.go.jp</electronicMailAddress>    </creator>
    <metadataProvider>
    <individualName>
<givenName>Hironori</givenName>          <surName>Komatsu</surName>
    </individualName>
<organizationName>National Museum of Nature and Science</organizationName><positionName>Senior Curator</positionName>    <address>
<country>JAPAN</country>    </address>
<electronicMailAddress>h-komatu@kahaku.go.jp</electronicMailAddress>    </metadataProvider>
      <pubDate>
      2020-03-06
      </pubDate>
    <language>ENGLISH</language>
    <abstract>
        <para>Crustacean specimens deposited in the Department of Zoology, National Museum of Nature and Science (NSMT).</para>
    </abstract>
        <keywordSet>
              <keyword>Occurrence</keyword>
              <keywordThesaurus>GBIF Dataset Type Vocabulary: http://rs.gbif.org/vocabulary/gbif/dataset_type.xml</keywordThesaurus>
        </keywordSet>
      <intellectualRights>
        <para>This work is licensed under a <ulink url="http://creativecommons.org/licenses/by/4.0/legalcode"><citetitle>Creative Commons Attribution (CC-BY) 4.0 License</citetitle></ulink>.</para>
      </intellectualRights>
      <distribution scope="document">
          <online>
              <url function="information">http://db.kahaku.go.jp/webmuseum_en/</url>
          </online>
      </distribution>
      <maintenance>
          <description>
              <para></para>
          </description>
          <maintenanceUpdateFrequency>unkown</maintenanceUpdateFrequency>
      </maintenance>
      <contact>
    <individualName>
<givenName>Hironori</givenName>          <surName>Komatsu</surName>
    </individualName>
<organizationName>National Museum of Nature and Science</organizationName><positionName>Senior Curator</positionName>    <address>
<country>JAPAN</country>    </address>
<electronicMailAddress>h-komatu@kahaku.go.jp</electronicMailAddress><onlineUrl>http://www.kahaku.go.jp/english/</onlineUrl>      </contact>

</dataset>

<additionalMetadata>
    <metadata>
      <gbif>
        <dateStamp>2021-03-29T09:38:40Z</dateStamp>
      <citation>Komatsu H (2020). Crustacean collection of the National Museum of Nature and Science. Version 1.1. National Museum of Nature and Science, Japan. Occurrence dataset https://doi.org/10.15468/xdcsbl accessed via GBIF.org on 2021-03-29.</citation>
        </gbif>
    </metadata>
</additionalMetadata>

</eml:eml>
