<?xml version="1.0" encoding="utf-8"?>
<eml:eml xmlns:eml="eml://ecoinformatics.org/eml-2.1.1" xmlns:xsi="http://www.w3.org/2001/XMLSchema-instance"
         xsi:schemaLocation="eml://ecoinformatics.org/eml-2.1.1 http://rs.gbif.org/schema/eml-gbif-profile/1.1/eml.xsd"
        packageId="51ffcd3a-f71f-491e-b75a-505657c3770e"  system="http://gbif.org" scope="system"
  xml:lang="en">

<dataset>
      <alternateIdentifier>10.15468/lkjjt3</alternateIdentifier>
        <alternateIdentifier>51ffcd3a-f71f-491e-b75a-505657c3770e</alternateIdentifier>
        <alternateIdentifier>https://collections.ala.org.au/public/show/dr8798</alternateIdentifier>
        <alternateIdentifier>1951b2f0-7459-3c5b-8480-255ef7873563</alternateIdentifier>
    <title>Wairambar Rainforest Species List</title>
    <creator>
<organizationName>Wairambar Rainforest Species List</organizationName><electronicMailAddress>wairambar.rainforest@aol.com</electronicMailAddress><onlineUrl>https://sites.google.com/view/wairambarrainforest</onlineUrl>    </creator>
    <metadataProvider>
<organizationName>Wairambar Rainforest Species List</organizationName><electronicMailAddress>wairambar.rainforest@aol.com</electronicMailAddress><onlineUrl>https://sites.google.com/view/wairambarrainforest</onlineUrl>    </metadataProvider>
    <associatedParty>
<organizationName>Atlas of Living Australia</organizationName>    <address>
<deliveryPoint>CSIRO Ecosystems Services</deliveryPoint><city>Canberra</city><administrativeArea>ACT</administrativeArea><postalCode>2601</postalCode><country>AUSTRALIA</country>    </address>
<electronicMailAddress>info@ala.org.au</electronicMailAddress>    <role>DISTRIBUTOR</role>
    </associatedParty>
      <pubDate>
      2020-02-14
      </pubDate>
    <language>ENGLISH</language>
    <abstract>
        <para>The data comprises a species list for 2017 for the Wairambar Rainforest, a refugia area inland from Mt. Bartle Frere near Topaz 4885 far north Queensland. The property, at 15 Doonoquienbar Road, is situated at 685m and receives about 4000mm of rainfall per year plus a subsantial amount of moisture from cloud stripping. A year round basic research facility with accommodation is available at no charge to genuine researchers Contact: wairambar.rainforest&amp;#64;aol.com

The Property:

WGS84 Coordinates: -17.419190 South 145.728701 East

website: https://sites.google.com/view/wairambarrainforest

Elevation 600-700m Rainfall 4000mm/year 

Variety of ecotones in diverse geology, spring lines, seepages, large permanent creek, fully forested with mature rainforest, young rainforest and cyclone affected rainforest high biodiversity ancient Gondwanan refugia bordering the Wet Tropics World Heritage Rainforest. Due to extreme terrain and dense vegetation, GPS is inaccurate so we have located using radius of 250m from the coodinates provided and falling within the 24Ha totally forested property.

We offer free use of an on-site all weather research facility to genuine researchers provided that at some stage they provide their species data to us or direct to the ALA.

Our qualifications
We are both accredited rainforest guides/ OPWS and TREAT rainforest restoration, seed collection and preparation / members of the Tree Kangaroo and Mammal Group / users of trin.org.au / qualifications in ecotourism / trial strategies and techniques of rainforest restoration / links with Ngadjon traditional owners / have a wide range of experts to call on.</para>
    </abstract>
      <intellectualRights>
        <para>This work is licensed under a <ulink url="http://creativecommons.org/licenses/by/4.0/legalcode"><citetitle>Creative Commons Attribution (CC-BY) 4.0 License</citetitle></ulink>.</para>
      </intellectualRights>
      <distribution scope="document">
          <online>
              <url function="information">https://collections.ala.org.au/public/show/dr8798</url>
          </online>
      </distribution>
      <contact>
<organizationName>Atlas of Living Australia</organizationName>    <address>
<deliveryPoint>CSIRO Ecosystems Services</deliveryPoint><city>Canberra</city><administrativeArea>ACT</administrativeArea><postalCode>2601</postalCode><country>AUSTRALIA</country>    </address>
<electronicMailAddress>info@ala.org.au</electronicMailAddress>      </contact>
      <methods>
      </methods>

</dataset>

<additionalMetadata>
    <metadata>
      <gbif>
        <dateStamp>2021-03-29T09:38:32Z</dateStamp>
      <citation>Atlas of Living Australia (2020). Wairambar Rainforest Species List. Occurrence dataset https://doi.org/10.15468/lkjjt3 accessed via GBIF.org on 2021-03-29.</citation>
        </gbif>
    </metadata>
</additionalMetadata>

</eml:eml>
