<?xml version="1.0" encoding="utf-8"?>
<eml:eml xmlns:eml="eml://ecoinformatics.org/eml-2.1.1" xmlns:xsi="http://www.w3.org/2001/XMLSchema-instance"
         xsi:schemaLocation="eml://ecoinformatics.org/eml-2.1.1 http://rs.gbif.org/schema/eml-gbif-profile/1.1/eml.xsd"
        packageId="5378e1cf-522d-4469-8776-b709579b4a3e"  system="http://gbif.org" scope="system"
  xml:lang="en">

<dataset>
      <alternateIdentifier>10.15468/glxcep</alternateIdentifier>
        <alternateIdentifier>http://65.52.215.125/ipt/resource?r=recinv</alternateIdentifier>
        <alternateIdentifier>http://iptsnomnh.cloudapp.net:8080/ipt/resource.do?r=recinv</alternateIdentifier>
        <alternateIdentifier>5378e1cf-522d-4469-8776-b709579b4a3e</alternateIdentifier>
    <title>Recent Invertebrates Specimens</title>
    <creator>
    <individualName>
<givenName>Janet</givenName>          <surName>Braun</surName>
    </individualName>
<organizationName>Sam Noble Oklahoma Museum of Natural History</organizationName><positionName>Curator</positionName>    <address>
<deliveryPoint>2401 Chautauqua Ave.</deliveryPoint><city>Norman</city><administrativeArea>Oklahoma</administrativeArea><postalCode>73072</postalCode><country>UNITED_STATES</country>    </address>
<phone>4053252578</phone><electronicMailAddress>jkbraun@ou.edu</electronicMailAddress><onlineUrl>http://samnoblemuseum.ou.edu</onlineUrl>    </creator>
    <metadataProvider>
    <individualName>
<givenName>Paul</givenName>          <surName>King</surName>
    </individualName>
<organizationName>Sam Noble Oklahoma Museum of Natural History</organizationName><positionName>Head of IT</positionName>    <address>
<deliveryPoint>2401 Chautauqua Ave.</deliveryPoint><city>NORMAN</city><administrativeArea>Oklahoma</administrativeArea><postalCode>73072</postalCode><country>UNITED_STATES</country>    </address>
<phone>405-325-1018</phone><electronicMailAddress>pking@ou.edu</electronicMailAddress><onlineUrl>http://samnoblemuseum.ou.edu</onlineUrl>    </metadataProvider>
    <associatedParty>
    <individualName>
<givenName>Janet</givenName>          <surName>Braun</surName>
    </individualName>
<organizationName>Sam Noble Museum of Natural History</organizationName><positionName>Head Curator</positionName>    <address>
<deliveryPoint>2401 Chautauqua Ave.</deliveryPoint><city>Norman</city><administrativeArea>OK</administrativeArea><postalCode>73072</postalCode><country>UNITED_STATES</country>    </address>
<electronicMailAddress>jkbraun@ou.edu</electronicMailAddress><onlineUrl>http://samnoblemuseum.ou.edu</onlineUrl>    <role>POINT_OF_CONTACT</role>
    </associatedParty>
    <associatedParty>
    <individualName>
<givenName>Karen</givenName>          <surName>Whitecotton</surName>
    </individualName>
<organizationName>Sam Noble Oklahoma Museum of Natural History</organizationName><positionName>Registrar</positionName>    <address>
<deliveryPoint>2401 Chautauqua Ave.</deliveryPoint><city>Norman</city><administrativeArea>Oklahoma</administrativeArea><postalCode>73072</postalCode><country>UNITED_STATES</country>    </address>
<phone>405-325-1035</phone><electronicMailAddress>registrar.samnoblemuseum@ou.edu</electronicMailAddress><onlineUrl>http://samnoblemuseum.ou.edu</onlineUrl>    <role>POINT_OF_CONTACT</role>
    </associatedParty>
    <associatedParty>
    <individualName>
<givenName>Sarah</givenName>          <surName>Sanger</surName>
    </individualName>
<organizationName>Sam Noble Oklahoma Museum of Natural History</organizationName><positionName>Information Systems Lead</positionName>    <address>
<deliveryPoint>2401 Chautauqua Ave.</deliveryPoint><city>Norman</city><administrativeArea>Oklahoma</administrativeArea><postalCode>73072</postalCode><country>UNITED_STATES</country>    </address>
<phone>405-325-4168</phone><electronicMailAddress>ssanger@ou.edu</electronicMailAddress><onlineUrl>http://samnoblemuseum.ou.edu</onlineUrl>    <role>POINT_OF_CONTACT</role>
    </associatedParty>
      <pubDate>
      2021-03-22
      </pubDate>
    <language>ENGLISH</language>
    <abstract>
        <para>The Collection of Recent Invertebrates, with its &amp;gt;500,000 specimens, presents a nice sampling of invertebrate diversity. Focus of the collection is on Oklahoma invertebrates, but it also contains specimens from more than 100 countries and territories. We are unique among invertebrate collections by pursuing cataloging of all of our specimens.</para>
    </abstract>
        <keywordSet>
              <keyword>Occurrence</keyword>
              <keywordThesaurus>GBIF Dataset Type Vocabulary: http://rs.gbif.org/vocabulary/gbif/dataset_type.xml</keywordThesaurus>
        </keywordSet>
        <keywordSet>
              <keyword>Specimen</keyword>
              <keywordThesaurus>GBIF Dataset Subtype Vocabulary: http://rs.gbif.org/vocabulary/gbif/dataset_subtype.xml</keywordThesaurus>
        </keywordSet>
      <additionalInfo>
          <para>The SNOMNH desires to provide only accurate data. Although databases are refreshed and updated regularly, the databases are provided ‘as is’ without express or implied warranty, including the implied warranty of merchantability and fitness for a particular purpose. The SNOMNH does not accept responsibility for the accuracy of data taken by the user. The user accepts the responsibility of verifying the data, in consultation with the curatorial staff and/or by inspection of the specimens or objects and the collection catalogue. The SNOMNH shall not be liable for any damages, injury, or loss suffered by the users of the database or the software, programming, and other documentation found on these web pages or in these databases.</para>
      </additionalInfo>
      <intellectualRights>
        <para>To the extent possible under law, the publisher has waived all rights to these data and has dedicated them to the <ulink url="http://creativecommons.org/publicdomain/zero/1.0/legalcode"><citetitle>Public Domain (CC0 1.0)</citetitle></ulink>. Users may copy, modify, distribute and use the work, including for commercial purposes, without restriction.</para>
      </intellectualRights>
      <distribution scope="document">
          <online>
              <url function="information">http://samnoblemuseum.ou.edu/collections-and-research/recent-invertebrates/</url>
          </online>
      </distribution>
      <coverage>
            <geographicCoverage>
                  <geographicDescription>The collection includes specimens from around the world.</geographicDescription>
                  <boundingCoordinates>
                      <westBoundingCoordinate>-180</westBoundingCoordinate>
                      <eastBoundingCoordinate>180</eastBoundingCoordinate>
                      <northBoundingCoordinate>90</northBoundingCoordinate>
                      <southBoundingCoordinate>-90</southBoundingCoordinate>
                  </boundingCoordinates>
            </geographicCoverage>
      </coverage>
      <maintenance>
          <description>
              <para></para>
          </description>
          <maintenanceUpdateFrequency>unkown</maintenanceUpdateFrequency>
      </maintenance>
      <contact>
    <individualName>
<givenName>Janet</givenName>          <surName>Braun</surName>
    </individualName>
<organizationName>Sam Noble Oklahoma Museum of Natural History</organizationName><positionName>Curator</positionName>    <address>
<deliveryPoint>2401 Chautauqua Ave.</deliveryPoint><city>Norman</city><administrativeArea>Oklahoma</administrativeArea><postalCode>73072</postalCode><country>UNITED_STATES</country>    </address>
<phone>4053252578</phone><electronicMailAddress>jkbraun@ou.edu</electronicMailAddress><onlineUrl>http://samnoblemuseum.ou.edu</onlineUrl>      </contact>

</dataset>

<additionalMetadata>
    <metadata>
      <gbif>
        <dateStamp>2021-03-29T09:38:50Z</dateStamp>
      <citation>Braun J, King P (2021). Recent Invertebrates Specimens. Version 101.123. Sam Noble Oklahoma Museum of Natural History. Occurrence dataset https://doi.org/10.15468/glxcep accessed via GBIF.org on 2021-03-29.</citation>
              <resourceLogoUrl>http://65.52.215.125/ipt/logo.do?r=recinv</resourceLogoUrl>
              <livingTimePeriod>1860 - Present</livingTimePeriod>
        </gbif>
    </metadata>
</additionalMetadata>

</eml:eml>
