<?xml version="1.0" encoding="utf-8"?>
<eml:eml xmlns:eml="eml://ecoinformatics.org/eml-2.1.1" xmlns:xsi="http://www.w3.org/2001/XMLSchema-instance"
         xsi:schemaLocation="eml://ecoinformatics.org/eml-2.1.1 http://rs.gbif.org/schema/eml-gbif-profile/1.1/eml.xsd"
        packageId="56aa0680-0c60-11dd-84cd-b8a03c50a862"  system="http://gbif.org" scope="system"
  xml:lang="en">

<dataset>
      <alternateIdentifier>10.15468/eyda6l</alternateIdentifier>
        <alternateIdentifier>http://www.gbif.se/ipt/resource?r=nrm-invertebrates</alternateIdentifier>
        <alternateIdentifier>http://www.gbif.se/ipt/resource.do?r=nrm-invertebrates</alternateIdentifier>
        <alternateIdentifier>56aa0680-0c60-11dd-84cd-b8a03c50a862</alternateIdentifier>
        <alternateIdentifier>1027</alternateIdentifier>
    <title>Invertebrates Collection of the Swedish Museum of Natural History</title>
    <creator>
    <individualName>
<givenName>Anders</givenName>          <surName>Telenius</surName>
    </individualName>
<organizationName>Swedish museum of natural history</organizationName><positionName>Node manager</positionName>    <address>
<city>Stockholm</city><country>SWEDEN</country>    </address>
<electronicMailAddress>anders.telenius@nrm.se</electronicMailAddress>    </creator>
    <metadataProvider>
    <individualName>
<givenName>Manash</givenName>          <surName>Shah</surName>
    </individualName>
<organizationName>Swedish museum of natural history</organizationName><positionName>Database Developer</positionName>    <address>
<city>Stockholm</city><country>SWEDEN</country>    </address>
<electronicMailAddress>manash.shah@nrm.se</electronicMailAddress>    </metadataProvider>
    <associatedParty>
    <individualName>
<givenName>Anders</givenName>          <surName>Telenius</surName>
    </individualName>
<organizationName>Swedish museum of natural history</organizationName><positionName>Node manager</positionName>    <address>
<city>Stockholm</city><country>SWEDEN</country>    </address>
<electronicMailAddress>anders.telenius@nrm.se</electronicMailAddress>    <role>USER</role>
    </associatedParty>
      <pubDate>
      2019-07-04
      </pubDate>
    <language>ENGLISH</language>
    <abstract>
        <para>The invertebrate collections (excluding insects) at the Swedish Museum of Natural History house over 500000 lots in ethanol, dry and on microscope slides. Mollusca constitute more than half of the collections. The geographic scope is worldwide, with a good representation of the Swedish fauna. In 2015, about 30% of the collections have been digitized. Type material is represented in a separate dataset. For further information and contact see http://www.nrm.se/english/researchandcollections/zoology/collections/invertebrates.305_en.html</para>
    </abstract>
        <keywordSet>
              <keyword>Occurrence</keyword>
              <keywordThesaurus>GBIF Dataset Type Vocabulary: http://rs.gbif.org/vocabulary/gbif/dataset_type.xml</keywordThesaurus>
        </keywordSet>
        <keywordSet>
              <keyword>Specimen</keyword>
              <keywordThesaurus>GBIF Dataset Subtype Vocabulary: http://rs.gbif.org/vocabulary/gbif/dataset_subtype.xml</keywordThesaurus>
        </keywordSet>
      <intellectualRights>
        <para>To the extent possible under law, the publisher has waived all rights to these data and has dedicated them to the <ulink url="http://creativecommons.org/publicdomain/zero/1.0/legalcode"><citetitle>Public Domain (CC0 1.0)</citetitle></ulink>. Users may copy, modify, distribute and use the work, including for commercial purposes, without restriction.</para>
      </intellectualRights>
      <maintenance>
          <description>
              <para></para>
          </description>
          <maintenanceUpdateFrequency>unkown</maintenanceUpdateFrequency>
      </maintenance>
      <contact>
    <individualName>
<givenName>Anders</givenName>          <surName>Telenius</surName>
    </individualName>
<organizationName>Swedish museum of natural history</organizationName><positionName>Node manager</positionName>    <address>
<city>Stockholm</city><country>SWEDEN</country>    </address>
<electronicMailAddress>anders.telenius@nrm.se</electronicMailAddress>      </contact>

</dataset>

<additionalMetadata>
    <metadata>
      <gbif>
        <dateStamp>2021-03-29T09:38:45Z</dateStamp>
      <citation>Telenius A, Shah M (2019). Invertebrates Collection of the Swedish Museum of Natural History. GBIF-Sweden. Occurrence dataset https://doi.org/10.15468/eyda6l accessed via GBIF.org on 2021-03-29.</citation>
        </gbif>
    </metadata>
</additionalMetadata>

</eml:eml>
