<?xml version="1.0" encoding="utf-8"?>
<eml:eml xmlns:eml="eml://ecoinformatics.org/eml-2.1.1" xmlns:xsi="http://www.w3.org/2001/XMLSchema-instance"
         xsi:schemaLocation="eml://ecoinformatics.org/eml-2.1.1 http://rs.gbif.org/schema/eml-gbif-profile/1.1/eml.xsd"
        packageId="58fc397b-eee4-4138-8a5f-50f9dfb00216"  system="http://gbif.org" scope="system"
  xml:lang="en">

<dataset>
      <alternateIdentifier>10.15468/wodhis</alternateIdentifier>
        <alternateIdentifier>58fc397b-eee4-4138-8a5f-50f9dfb00216</alternateIdentifier>
        <alternateIdentifier>http://danbif.au.dk/ipt/resource?r=nhmd_invertebrates_excl_entomology</alternateIdentifier>
    <title>Invertebrates excl. Entomology at the Natural History Museum of Denmark</title>
    <creator>
    <individualName>
<givenName>Danny</givenName>          <surName>Eibye-Jacobsen</surName>
    </individualName>
<organizationName>Natural History Museum of Denmark</organizationName><positionName>Collection manager</positionName>    <address>
<deliveryPoint>Universitetsparken 15</deliveryPoint><city>Copenhagen Ø</city><postalCode>2100</postalCode><country>DENMARK</country>    </address>
<phone>+4535321115</phone><electronicMailAddress>dejacobsen@snm.ku.dk</electronicMailAddress>      <userId directory="http://orcid.org/">0000-0002-7079-2627</userId>
    </creator>
    <creator>
    <individualName>
<givenName>Laura</givenName>          <surName>Pavesi</surName>
    </individualName>
<organizationName>Natural History Museum of Denmark</organizationName><positionName>Collection manager</positionName>    <address>
<deliveryPoint>Universitetsparken 15</deliveryPoint><city>Copenhagen Ø</city><postalCode>2100</postalCode><country>DENMARK</country>    </address>
<phone>+4535321179</phone><electronicMailAddress>lpavesi@snm.ku.dk</electronicMailAddress>    </creator>
    <creator>
    <individualName>
<givenName>Tom</givenName>          <surName>Schiøtte</surName>
    </individualName>
<organizationName>Natural History Museum of Denmark</organizationName><positionName>Collection manager</positionName>    <address>
<deliveryPoint>Universitetsparken 15</deliveryPoint><city>Copenhagen Ø</city><postalCode>2100</postalCode><country>DENMARK</country>    </address>
<phone>+4535321048</phone><electronicMailAddress>tschioette@snm.ku.dk</electronicMailAddress>    </creator>
    <creator>
    <individualName>
<givenName>Martin Vinther</givenName>          <surName>Sørensen</surName>
    </individualName>
<organizationName>Natural History Museum of Denmark</organizationName><positionName>Curator</positionName>    <address>
<deliveryPoint>Universitetsparken 15</deliveryPoint><city>Copenhagen Ø</city><postalCode>2100</postalCode><country>DENMARK</country>    </address>
<phone>+4535321081</phone><electronicMailAddress>mvsorensen@snm.ku.dk</electronicMailAddress>    </creator>
    <creator>
    <individualName>
<givenName>Jørgen</givenName>          <surName>Olesen</surName>
    </individualName>
<organizationName>Natural History Museum of Denmark</organizationName><positionName>Curator</positionName>    <address>
<deliveryPoint>Universitetsparken 15</deliveryPoint><city>Copenhagen Ø</city><administrativeArea>2100</administrativeArea><postalCode>2100</postalCode><country>DENMARK</country>    </address>
<phone>+4535321045</phone><electronicMailAddress>jolesen@snm.ku.dk</electronicMailAddress>    </creator>
    <metadataProvider>
    <individualName>
<givenName>Danny</givenName>          <surName>Eibye-Jacobsen</surName>
    </individualName>
<organizationName>Natural History Museum of Denmark</organizationName><positionName>Collection manager</positionName>    <address>
<deliveryPoint>Universitetsparken 15</deliveryPoint><city>Copenhagen Ø</city><postalCode>2100</postalCode><country>DENMARK</country>    </address>
<phone>+45 35321115</phone><electronicMailAddress>dejacobsen@snm.ku.dk</electronicMailAddress>      <userId directory="http://orcid.org/">0000-0002-7079-2627</userId>
    </metadataProvider>
    <metadataProvider>
    <individualName>
<givenName>Tom</givenName>          <surName>Schiøtte</surName>
    </individualName>
<organizationName>Natural History Museum of Denmark</organizationName><positionName>Collection Manager</positionName>    <address>
<deliveryPoint>Universitetsparken 15</deliveryPoint><city>Copenhagen Ø</city><postalCode>2100</postalCode><country>DENMARK</country>    </address>
<phone>+45 35321048</phone><electronicMailAddress>tschioette@snm.ku.dk</electronicMailAddress>    </metadataProvider>
    <metadataProvider>
    <individualName>
<givenName>Laura</givenName>          <surName>Pavesi</surName>
    </individualName>
<organizationName>Natural History Museum of Denmark</organizationName><positionName>Collection Manager</positionName>    <address>
<deliveryPoint>Universitetsparken 15</deliveryPoint><city>Copenhagen Ø</city><postalCode>2100</postalCode><country>DENMARK</country>    </address>
<phone>+45 35321179</phone><electronicMailAddress>lpavesi@snm.ku.dk</electronicMailAddress>    </metadataProvider>
    <associatedParty>
    <individualName>
<givenName>Martin</givenName>          <surName>Stein</surName>
    </individualName>
<organizationName>Natural History Museum of Denmark</organizationName><positionName>Data Manager</positionName>    <address>
<deliveryPoint>Universitetsparken 15</deliveryPoint><city>Copenhagen OE</city><postalCode>2100</postalCode><country>DENMARK</country>    </address>
<electronicMailAddress>martin.stein@snm.ku.dk</electronicMailAddress>    <role>PROGRAMMER</role>
    </associatedParty>
    <associatedParty>
    <individualName>
<givenName>Isabel</givenName>          <surName>Calabuig</surName>
    </individualName>
<organizationName>DanBIF, Natural History Museum of Denmark</organizationName><positionName>Node manager, Data curator</positionName>    <address>
<deliveryPoint>Universitetsparken 15</deliveryPoint><city>Copenhagen OE</city><postalCode>2100</postalCode><country>DENMARK</country>    </address>
<electronicMailAddress>icalabuig@snm.ku.dk</electronicMailAddress><onlineUrl>https://samlinger.snm.ku.dk/en/digital_collections/danbif-and-gbif/</onlineUrl>      <userId directory="http://orcid.org/">0000-0001-5515-7900</userId>
    <role>DISTRIBUTOR</role>
    </associatedParty>
      <pubDate>
      2019-03-12
      </pubDate>
    <language>ENGLISH</language>
    <abstract>
        <para>Registered invertebrates (excluding entomology) in the collections of the Natural History Museum of Denmark. These collections encompass 33 phyla, most of them primarily or exclusively marine. The most important phyla (in terms of degree of registration) are: Annelida (especially Polychaeta, marine bristleworms), Arthropoda (Crustacea), Cnidaria, Cycliophora (ring bearers), Echinodermata, Kinorhyncha (mud dragons), Loricifera (corset animals), Mollusca, Nematoda, Platyhelminthes (especially Cestoda, tapeworms), Porifera, Priapulida (penis worms), Rotifera and Tardigrada.
The collections are global in scope, with particular strenghs in Scandinavia, the North Atlantic, the Faroe Islands, Greenland, West Africa, southeast Asia, Australia and New Zealand. The oldest lots date back to the late 18th century, but the bulk was collected in the late 19th century and during the 20th century.
The invertebrate collection (excluding entomology) consists of eight curatorial units which as of 2019 is staffed by two curators (Jørgen Olesen and Martin Vinther Sørensen) and three collection managers (Laura Pavesi, Tom Schiøtte and Danny Eibye-Jacobsen). The curatorial units (with number of registered lots as of January 2019 and link to description of unit in parentheses) are:
MOLLUSCA (9,740) (https://samlinger.snm.ku.dk/en/dry-and-wet-collections/zoology/mollusca-collection/)
ECHINODERMATA (1,913) (https://samlinger.snm.ku.dk/en/dry-and-wet-collections/zoology/echinodermata---tentaculata/)
CRUSTACEA (11,993) (https://samlinger.snm.ku.dk/en/dry-and-wet-collections/zoology/crustacea/)
VERMES &amp;#61; Annelida, Echiura, Sipuncula and Chaetognatha (2,711) (https://samlinger.snm.ku.dk/en/dry-and-wet-collections/zoology/vermes-collection/)
PORIFERA (465) (https://samlinger.snm.ku.dk/en/dry-and-wet-collections/zoology/porifera-collection/)
CNIDARIA-CTENOPHORA (5,964) (https://samlinger.snm.ku.dk/en/dry-and-wet-collections/zoology/cnidaria-ctenophora/)
PROTOZOA (12) (https://samlinger.snm.ku.dk/en/dry-and-wet-collections/zoology/protozoa-collection/)
PLATYHELMINTHES-&amp;#34;ASCHELMINTHES&amp;#34;-PROTOARTHROPODA (13,660) (https://samlinger.snm.ku.dk/en/dry-and-wet-collections/zoology/platyhelminthes-aschelminthes-proarthropoda-collections/).
The following groups (mostly phyla) are of minor importance (only in terms of number of registered lots), have a total of 384 registered lots, and are not encompassed by the preceding eight curatorial units: Brachiopoda, Bryozoa, Enteropneusta, Entoprocta, Myxozoa, Myzozoa, Nemertea, Onychophora, Phoronida and Tunicata.
The majority of the registered lots in the invertebrate (excluding entomology) collection are available for study here, but some have been removed for various reasons (sensitive data, incomplete records, pending publication, etc.).</para>
    </abstract>
        <keywordSet>
              <keyword>Tardigrada</keyword>
              <keyword>Opisthobranchia</keyword>
              <keyword>sponges</keyword>
              <keyword>octopus</keyword>
              <keyword>brittle stars</keyword>
              <keyword>Anthozoa</keyword>
              <keyword>Dijmphna</keyword>
              <keyword>Enteropneusta</keyword>
              <keyword>Stephensen</keyword>
              <keyword>crabs</keyword>
              <keyword>museum collection</keyword>
              <keyword>Onychophora</keyword>
              <keyword>Godthaab</keyword>
              <keyword>Trematoda</keyword>
              <keyword>earthworms</keyword>
              <keyword>Moltke</keyword>
              <keyword>Jensenius Madsen</keyword>
              <keyword>Bivalvia</keyword>
              <keyword>sea spiders</keyword>
              <keyword>Merostomata</keyword>
              <keyword>sea anenomes</keyword>
              <keyword>Copepoda</keyword>
              <keyword>Gastrotricha</keyword>
              <keyword>Echinoidea</keyword>
              <keyword>Petersen</keyword>
              <keyword>Cycliophora</keyword>
              <keyword>Micrognathozoa</keyword>
              <keyword>clams</keyword>
              <keyword>Scyphozoa</keyword>
              <keyword>Rotifera</keyword>
              <keyword>fish lice</keyword>
              <keyword>Stomatopoda</keyword>
              <keyword>corals</keyword>
              <keyword>acorn worms</keyword>
              <keyword>Polychaeta</keyword>
              <keyword>peanut worms</keyword>
              <keyword>Polyplacophora</keyword>
              <keyword>Cephalochordata</keyword>
              <keyword>Echiura</keyword>
              <keyword>Eibye-Jacobsen</keyword>
              <keyword>Ostracoda</keyword>
              <keyword>tunicates</keyword>
              <keyword>Just</keyword>
              <keyword>arrow worms</keyword>
              <keyword>Dana</keyword>
              <keyword>Cephalopoda</keyword>
              <keyword>clam shrimp</keyword>
              <keyword>sea urchins</keyword>
              <keyword>Tantulocarida</keyword>
              <keyword>Tanaidacea</keyword>
              <keyword>Nørvang</keyword>
              <keyword>sea cucumbers</keyword>
              <keyword>Hirudinea</keyword>
              <keyword>Loricifera</keyword>
              <keyword>Mollusca</keyword>
              <keyword>Levinsen</keyword>
              <keyword>Steenstrup</keyword>
              <keyword>Krøyer</keyword>
              <keyword>jellyfish</keyword>
              <keyword>Krabbe</keyword>
              <keyword>crayfish</keyword>
              <keyword>Bryozoa</keyword>
              <keyword>Aplacophora</keyword>
              <keyword>water bears</keyword>
              <keyword>Atlantide</keyword>
              <keyword>hermit crabs</keyword>
              <keyword>Ørsted</keyword>
              <keyword>Fabricius</keyword>
              <keyword>gorgonians</keyword>
              <keyword>woodlice</keyword>
              <keyword>Lütken</keyword>
              <keyword>Kinorhyncha</keyword>
              <keyword>Cnidaria</keyword>
              <keyword>mantis shrimp</keyword>
              <keyword>chitons</keyword>
              <keyword>Mysida</keyword>
              <keyword>Arabia Feix</keyword>
              <keyword>Schumacher</keyword>
              <keyword>Chaetognatha</keyword>
              <keyword>marine bristleworms</keyword>
              <keyword>Gnathostomulida</keyword>
              <keyword>Brachyura</keyword>
              <keyword>lamp shells</keyword>
              <keyword>Spengler</keyword>
              <keyword>Th. Mortensen</keyword>
              <keyword>Tendal</keyword>
              <keyword>ring bearers</keyword>
              <keyword>roundworms</keyword>
              <keyword>Forskål</keyword>
              <keyword>Holothuroidea</keyword>
              <keyword>Porifera</keyword>
              <keyword>Dendrobranchiata</keyword>
              <keyword>Clitellata</keyword>
              <keyword>preserved specimens</keyword>
              <keyword>Euphausiacea</keyword>
              <keyword>Nematomorpha</keyword>
              <keyword>Echinodermata</keyword>
              <keyword>sea lilies</keyword>
              <keyword>spoon worms</keyword>
              <keyword>Foraminifera</keyword>
              <keyword>corset animals</keyword>
              <keyword>Ophiuroidea</keyword>
              <keyword>Gastropoda</keyword>
              <keyword>Kramp</keyword>
              <keyword>mud dragons</keyword>
              <keyword>Jungersen</keyword>
              <keyword>Oligochaeta</keyword>
              <keyword>Amphipoda</keyword>
              <keyword>comb jellies</keyword>
              <keyword>Sipuncula</keyword>
              <keyword>Caridea</keyword>
              <keyword>Isopoda</keyword>
              <keyword>Ctenophora</keyword>
              <keyword>barnacles</keyword>
              <keyword>Tjalfe</keyword>
              <keyword>mussels</keyword>
              <keyword>Monoplacophora</keyword>
              <keyword>Pedersen</keyword>
              <keyword>Nematoda</keyword>
              <keyword>Brøndsted</keyword>
              <keyword>Branchiura</keyword>
              <keyword>Tunicata</keyword>
              <keyword>Asteroidea</keyword>
              <keyword>Hansen</keyword>
              <keyword>velvet worms</keyword>
              <keyword>Platyhelminthes</keyword>
              <keyword>Ditlevsen</keyword>
              <keyword>Kirkegaard</keyword>
              <keyword>Olesen</keyword>
              <keyword>O.F. Müller</keyword>
              <keyword>sea stars</keyword>
              <keyword>Scaphopoda</keyword>
              <keyword>Hydrozoa</keyword>
              <keyword>squid</keyword>
              <keyword>Nemertea</keyword>
              <keyword>Cephalocarida</keyword>
              <keyword>flukes</keyword>
              <keyword>Wesenberg-Lund</keyword>
              <keyword>Priapulida</keyword>
              <keyword>Mörch</keyword>
              <keyword>shrimp</keyword>
              <keyword>moss animals</keyword>
              <keyword>BIOFAR</keyword>
              <keyword>Remipedia</keyword>
              <keyword>Brachiopoda</keyword>
              <keyword>Wolff</keyword>
              <keyword>tanaids</keyword>
              <keyword>Cestoda</keyword>
              <keyword>Cumacea</keyword>
              <keyword>ribbon worms</keyword>
              <keyword>Acanthocephala</keyword>
              <keyword>flatworms</keyword>
              <keyword>Thulin</keyword>
              <keyword>Branchiopoda</keyword>
              <keyword>Anomura</keyword>
              <keyword>leeches</keyword>
              <keyword>Crinoidea</keyword>
              <keyword>Chemnitz</keyword>
              <keyword>Annelida</keyword>
              <keyword>Entoprocta</keyword>
              <keyword>fairy shrimp</keyword>
              <keyword>penis worms</keyword>
              <keyword>opossum shrimp</keyword>
              <keyword>snails</keyword>
              <keyword>Pycnogonida</keyword>
              <keyword>tapeworms</keyword>
              <keyword>Ingolf</keyword>
              <keyword>Galathea</keyword>
              <keyword>Cirripedia</keyword>
              <keyword>krill</keyword>
              <keyword>Ascidiacea</keyword>
              <keyword>Lundbeck</keyword>
              <keyword>Appendicularia</keyword>
              <keyword>horseshoe crabs</keyword>
              <keyword>Astacidea</keyword>
              <keywordThesaurus>GBIF Dataset Type Vocabulary: http://rs.gbif.org/vocabulary/gbif/dataset_type.xml</keywordThesaurus>
        </keywordSet>
        <keywordSet>
              <keyword>Specimen</keyword>
              <keywordThesaurus>GBIF Dataset Subtype Vocabulary: http://rs.gbif.org/vocabulary/gbif/dataset_subtype.xml</keywordThesaurus>
        </keywordSet>
      <intellectualRights>
        <para>This work is licensed under a <ulink url="http://creativecommons.org/licenses/by/4.0/legalcode"><citetitle>Creative Commons Attribution (CC-BY) 4.0 License</citetitle></ulink>.</para>
      </intellectualRights>
      <distribution scope="document">
          <online>
              <url function="information">https://samlinger.snm.ku.dk/en/dry-and-wet-collections/zoology/</url>
          </online>
      </distribution>
      <coverage>
            <geographicCoverage>
                  <geographicDescription>Global; primarily marine, but also limnic and terrestrial</geographicDescription>
                  <boundingCoordinates>
                      <westBoundingCoordinate>-180</westBoundingCoordinate>
                      <eastBoundingCoordinate>180</eastBoundingCoordinate>
                      <northBoundingCoordinate>90</northBoundingCoordinate>
                      <southBoundingCoordinate>-90</southBoundingCoordinate>
                  </boundingCoordinates>
            </geographicCoverage>
          <temporalCoverage>
            <rangeOfDates>
              <beginDate>
                <calendarDate>      1750-01-01
</calendarDate>
              </beginDate>
              <endDate>
                <calendarDate>      2020-12-31
</calendarDate>
              </endDate>
            </rangeOfDates>
          </temporalCoverage>
              <taxonomicCoverage>
                    <generalTaxonomicCoverage>Collection of invertebrates excl. entomology at the Natural History Museum of Denmark</generalTaxonomicCoverage>
                    <taxonomicClassification>
                          <taxonRankName>Phylum</taxonRankName>
                        <taxonRankValue>Acanthocephala</taxonRankValue>
                    </taxonomicClassification>
                    <taxonomicClassification>
                          <taxonRankName>Phylum</taxonRankName>
                        <taxonRankValue>Annelida</taxonRankValue>
                          <commonName>segmented worms</commonName>
                    </taxonomicClassification>
                    <taxonomicClassification>
                          <taxonRankName>Class</taxonRankName>
                        <taxonRankValue>Clitellata</taxonRankValue>
                    </taxonomicClassification>
                    <taxonomicClassification>
                          <taxonRankName>Subclass</taxonRankName>
                        <taxonRankValue>Oligochaeta</taxonRankValue>
                          <commonName>earthworms</commonName>
                    </taxonomicClassification>
                    <taxonomicClassification>
                          <taxonRankName>Subclass</taxonRankName>
                        <taxonRankValue>Hirudinea</taxonRankValue>
                          <commonName>leeches</commonName>
                    </taxonomicClassification>
                    <taxonomicClassification>
                          <taxonRankName>Class</taxonRankName>
                        <taxonRankValue>Polychaeta</taxonRankValue>
                          <commonName>marine bristleworms</commonName>
                    </taxonomicClassification>
                    <taxonomicClassification>
                          <taxonRankName>Class</taxonRankName>
                        <taxonRankValue>Merostomata</taxonRankValue>
                          <commonName>horseshoe crabs</commonName>
                    </taxonomicClassification>
                    <taxonomicClassification>
                          <taxonRankName>Class</taxonRankName>
                        <taxonRankValue>Pycnogonida</taxonRankValue>
                          <commonName>sea spiders</commonName>
                    </taxonomicClassification>
                    <taxonomicClassification>
                          <taxonRankName>Class</taxonRankName>
                        <taxonRankValue>Branchiopoda</taxonRankValue>
                          <commonName>fairy shrimp</commonName>
                    </taxonomicClassification>
                    <taxonomicClassification>
                          <taxonRankName>Class</taxonRankName>
                        <taxonRankValue>Branchiura</taxonRankValue>
                          <commonName>fish lice</commonName>
                    </taxonomicClassification>
                    <taxonomicClassification>
                          <taxonRankName>Class</taxonRankName>
                        <taxonRankValue>Cephalocarida</taxonRankValue>
                    </taxonomicClassification>
                    <taxonomicClassification>
                          <taxonRankName>Class</taxonRankName>
                        <taxonRankValue>Copepoda</taxonRankValue>
                    </taxonomicClassification>
                    <taxonomicClassification>
                          <taxonRankName>Suborder</taxonRankName>
                        <taxonRankValue>Dendrobranchiata</taxonRankValue>
                    </taxonomicClassification>
                    <taxonomicClassification>
                          <taxonRankName>Infraorder</taxonRankName>
                        <taxonRankValue>Anomura</taxonRankValue>
                          <commonName>hermit crabs</commonName>
                    </taxonomicClassification>
                    <taxonomicClassification>
                          <taxonRankName>Infraorder</taxonRankName>
                        <taxonRankValue>Astacidea</taxonRankValue>
                          <commonName>crayfish</commonName>
                    </taxonomicClassification>
                    <taxonomicClassification>
                          <taxonRankName>Infraorder</taxonRankName>
                        <taxonRankValue>Brachyura</taxonRankValue>
                          <commonName>crabs</commonName>
                    </taxonomicClassification>
                    <taxonomicClassification>
                          <taxonRankName>Infraorder</taxonRankName>
                        <taxonRankValue>Caridea</taxonRankValue>
                          <commonName>shrimp</commonName>
                    </taxonomicClassification>
                    <taxonomicClassification>
                          <taxonRankName>Order</taxonRankName>
                        <taxonRankValue>Euphausiacea</taxonRankValue>
                          <commonName>krill</commonName>
                    </taxonomicClassification>
                    <taxonomicClassification>
                          <taxonRankName>Order</taxonRankName>
                        <taxonRankValue>Amphipoda</taxonRankValue>
                    </taxonomicClassification>
                    <taxonomicClassification>
                          <taxonRankName>Order</taxonRankName>
                        <taxonRankValue>Cumacea</taxonRankValue>
                    </taxonomicClassification>
                    <taxonomicClassification>
                          <taxonRankName>Order</taxonRankName>
                        <taxonRankValue>Isopoda</taxonRankValue>
                          <commonName>woodlice</commonName>
                    </taxonomicClassification>
                    <taxonomicClassification>
                          <taxonRankName>Order</taxonRankName>
                        <taxonRankValue>Mysida</taxonRankValue>
                          <commonName>opossum shrimp</commonName>
                    </taxonomicClassification>
                    <taxonomicClassification>
                          <taxonRankName>Order</taxonRankName>
                        <taxonRankValue>Tanaidacea</taxonRankValue>
                          <commonName>tanaids</commonName>
                    </taxonomicClassification>
                    <taxonomicClassification>
                          <taxonRankName>Order</taxonRankName>
                        <taxonRankValue>Stomatopoda</taxonRankValue>
                          <commonName>mantis shrimp</commonName>
                    </taxonomicClassification>
                    <taxonomicClassification>
                          <taxonRankName>Class</taxonRankName>
                        <taxonRankValue>Ostracoda</taxonRankValue>
                    </taxonomicClassification>
                    <taxonomicClassification>
                          <taxonRankName>Class</taxonRankName>
                        <taxonRankValue>Remipedia</taxonRankValue>
                    </taxonomicClassification>
                    <taxonomicClassification>
                          <taxonRankName>Class</taxonRankName>
                        <taxonRankValue>Tantulocarida</taxonRankValue>
                    </taxonomicClassification>
                    <taxonomicClassification>
                          <taxonRankName>Subclass</taxonRankName>
                        <taxonRankValue>Cirripedia</taxonRankValue>
                          <commonName>barnacles</commonName>
                    </taxonomicClassification>
                    <taxonomicClassification>
                          <taxonRankName>Phylum</taxonRankName>
                        <taxonRankValue>Brachiopoda</taxonRankValue>
                          <commonName>lamp shells</commonName>
                    </taxonomicClassification>
                    <taxonomicClassification>
                          <taxonRankName>Phylum</taxonRankName>
                        <taxonRankValue>Bryozoa</taxonRankValue>
                          <commonName>moss animals</commonName>
                    </taxonomicClassification>
                    <taxonomicClassification>
                          <taxonRankName>Phylum</taxonRankName>
                        <taxonRankValue>Chaetognatha</taxonRankValue>
                          <commonName>arrow worms</commonName>
                    </taxonomicClassification>
                    <taxonomicClassification>
                          <taxonRankName>Class</taxonRankName>
                        <taxonRankValue>Appendicularia</taxonRankValue>
                    </taxonomicClassification>
                    <taxonomicClassification>
                          <taxonRankName>Class</taxonRankName>
                        <taxonRankValue>Ascidiacea</taxonRankValue>
                    </taxonomicClassification>
                    <taxonomicClassification>
                          <taxonRankName>Subphylum</taxonRankName>
                        <taxonRankValue>Tunicata</taxonRankValue>
                          <commonName>tunicates</commonName>
                    </taxonomicClassification>
                    <taxonomicClassification>
                          <taxonRankName>Subphylum</taxonRankName>
                        <taxonRankValue>Cephalochordata</taxonRankValue>
                    </taxonomicClassification>
                    <taxonomicClassification>
                          <taxonRankName>Phylum</taxonRankName>
                        <taxonRankValue>Cnidaria</taxonRankValue>
                    </taxonomicClassification>
                    <taxonomicClassification>
                          <taxonRankName>Class</taxonRankName>
                        <taxonRankValue>Anthozoa</taxonRankValue>
                          <commonName>corals</commonName>
                    </taxonomicClassification>
                    <taxonomicClassification>
                          <taxonRankName>Class</taxonRankName>
                        <taxonRankValue>Hydrozoa</taxonRankValue>
                    </taxonomicClassification>
                    <taxonomicClassification>
                          <taxonRankName>Class</taxonRankName>
                        <taxonRankValue>Scyphozoa</taxonRankValue>
                          <commonName>jellyfish</commonName>
                    </taxonomicClassification>
                    <taxonomicClassification>
                          <taxonRankName>Phylum</taxonRankName>
                        <taxonRankValue>Ctenophora</taxonRankValue>
                          <commonName>comb jellies</commonName>
                    </taxonomicClassification>
                    <taxonomicClassification>
                          <taxonRankName>Phylum</taxonRankName>
                        <taxonRankValue>Cycliophora</taxonRankValue>
                          <commonName>ring bearers</commonName>
                    </taxonomicClassification>
                    <taxonomicClassification>
                          <taxonRankName>Phylum</taxonRankName>
                        <taxonRankValue>Echinodermata</taxonRankValue>
                    </taxonomicClassification>
                    <taxonomicClassification>
                          <taxonRankName>Class</taxonRankName>
                        <taxonRankValue>Asteroidea</taxonRankValue>
                          <commonName>sea stars</commonName>
                    </taxonomicClassification>
                    <taxonomicClassification>
                          <taxonRankName>Class</taxonRankName>
                        <taxonRankValue>Crinoidea</taxonRankValue>
                          <commonName>sea lilies</commonName>
                    </taxonomicClassification>
                    <taxonomicClassification>
                          <taxonRankName>Class</taxonRankName>
                        <taxonRankValue>Echinoidea</taxonRankValue>
                          <commonName>sea urchins</commonName>
                    </taxonomicClassification>
                    <taxonomicClassification>
                          <taxonRankName>Class</taxonRankName>
                        <taxonRankValue>Holothuroidea</taxonRankValue>
                          <commonName>sea cucmubers</commonName>
                    </taxonomicClassification>
                    <taxonomicClassification>
                          <taxonRankName>Class</taxonRankName>
                        <taxonRankValue>Ophiuroidea</taxonRankValue>
                          <commonName>brittle stars</commonName>
                    </taxonomicClassification>
                    <taxonomicClassification>
                          <taxonRankName>Phylum</taxonRankName>
                        <taxonRankValue>Entoprocta</taxonRankValue>
                    </taxonomicClassification>
                    <taxonomicClassification>
                          <taxonRankName>Phylum</taxonRankName>
                        <taxonRankValue>Foraminifera</taxonRankValue>
                    </taxonomicClassification>
                    <taxonomicClassification>
                          <taxonRankName>Phylum</taxonRankName>
                        <taxonRankValue>Gastrotricha</taxonRankValue>
                    </taxonomicClassification>
                    <taxonomicClassification>
                          <taxonRankName>Phylum</taxonRankName>
                        <taxonRankValue>Gnathostomulida</taxonRankValue>
                    </taxonomicClassification>
                    <taxonomicClassification>
                          <taxonRankName>Class</taxonRankName>
                        <taxonRankValue>Enteropneusta</taxonRankValue>
                          <commonName>acorn worms</commonName>
                    </taxonomicClassification>
                    <taxonomicClassification>
                          <taxonRankName>Phylum</taxonRankName>
                        <taxonRankValue>Kinorhyncha</taxonRankValue>
                          <commonName>mud dragons</commonName>
                    </taxonomicClassification>
                    <taxonomicClassification>
                          <taxonRankName>Phylum</taxonRankName>
                        <taxonRankValue>Loricifera</taxonRankValue>
                          <commonName>corset animals</commonName>
                    </taxonomicClassification>
                    <taxonomicClassification>
                          <taxonRankName>Phylum</taxonRankName>
                        <taxonRankValue>Micrognathozoa</taxonRankValue>
                    </taxonomicClassification>
                    <taxonomicClassification>
                          <taxonRankName>Phylum</taxonRankName>
                        <taxonRankValue>Mollusca</taxonRankValue>
                    </taxonomicClassification>
                    <taxonomicClassification>
                          <taxonRankName>Class</taxonRankName>
                        <taxonRankValue>Aplacophora</taxonRankValue>
                    </taxonomicClassification>
                    <taxonomicClassification>
                          <taxonRankName>Class</taxonRankName>
                        <taxonRankValue>Bivalvia</taxonRankValue>
                          <commonName>clams</commonName>
                    </taxonomicClassification>
                    <taxonomicClassification>
                          <taxonRankName>Class</taxonRankName>
                        <taxonRankValue>Cephalopoda</taxonRankValue>
                          <commonName>squid</commonName>
                    </taxonomicClassification>
                    <taxonomicClassification>
                          <taxonRankName>Class</taxonRankName>
                        <taxonRankValue>Gastropoda</taxonRankValue>
                          <commonName>snails</commonName>
                    </taxonomicClassification>
                    <taxonomicClassification>
                          <taxonRankName>Class</taxonRankName>
                        <taxonRankValue>Monoplacophora</taxonRankValue>
                    </taxonomicClassification>
                    <taxonomicClassification>
                          <taxonRankName>Class</taxonRankName>
                        <taxonRankValue>Polyplacophora</taxonRankValue>
                          <commonName>chitons</commonName>
                    </taxonomicClassification>
                    <taxonomicClassification>
                          <taxonRankName>Class</taxonRankName>
                        <taxonRankValue>Scaphopoda</taxonRankValue>
                    </taxonomicClassification>
                    <taxonomicClassification>
                          <taxonRankName>Phylum</taxonRankName>
                        <taxonRankValue>Nematoda</taxonRankValue>
                          <commonName>roundworms</commonName>
                    </taxonomicClassification>
                    <taxonomicClassification>
                          <taxonRankName>Phylum</taxonRankName>
                        <taxonRankValue>Nematomorpha</taxonRankValue>
                    </taxonomicClassification>
                    <taxonomicClassification>
                          <taxonRankName>Phylum</taxonRankName>
                        <taxonRankValue>Nemertea</taxonRankValue>
                          <commonName>ribbon worms</commonName>
                    </taxonomicClassification>
                    <taxonomicClassification>
                          <taxonRankName>Phylum</taxonRankName>
                        <taxonRankValue>Onychophora</taxonRankValue>
                          <commonName>velvet worms</commonName>
                    </taxonomicClassification>
                    <taxonomicClassification>
                          <taxonRankName>Phylum</taxonRankName>
                        <taxonRankValue>Platyhelminthes</taxonRankValue>
                          <commonName>flatworms</commonName>
                    </taxonomicClassification>
                    <taxonomicClassification>
                          <taxonRankName>Class</taxonRankName>
                        <taxonRankValue>Cestoda</taxonRankValue>
                          <commonName>tapeworms</commonName>
                    </taxonomicClassification>
                    <taxonomicClassification>
                          <taxonRankName>Class</taxonRankName>
                        <taxonRankValue>Trematoda</taxonRankValue>
                          <commonName>flukes</commonName>
                    </taxonomicClassification>
                    <taxonomicClassification>
                          <taxonRankName>Phylum</taxonRankName>
                        <taxonRankValue>Porifera</taxonRankValue>
                          <commonName>sponges</commonName>
                    </taxonomicClassification>
                    <taxonomicClassification>
                          <taxonRankName>Phylum</taxonRankName>
                        <taxonRankValue>Priapulida</taxonRankValue>
                          <commonName>penis worms</commonName>
                    </taxonomicClassification>
                    <taxonomicClassification>
                          <taxonRankName>Phylum</taxonRankName>
                        <taxonRankValue>Rotifera</taxonRankValue>
                    </taxonomicClassification>
                    <taxonomicClassification>
                          <taxonRankName>Phylum</taxonRankName>
                        <taxonRankValue>Sipuncula</taxonRankValue>
                          <commonName>peanut worms</commonName>
                    </taxonomicClassification>
                    <taxonomicClassification>
                          <taxonRankName>Phylum</taxonRankName>
                        <taxonRankValue>Tardigrada</taxonRankValue>
                          <commonName>water bears</commonName>
                    </taxonomicClassification>
                    <taxonomicClassification>
                          <taxonRankName>Order</taxonRankName>
                        <taxonRankValue>Echiura</taxonRankValue>
                          <commonName>spoon worms</commonName>
                    </taxonomicClassification>
              </taxonomicCoverage>
      </coverage>
      <maintenance>
          <description>
              <para></para>
          </description>
          <maintenanceUpdateFrequency>unkown</maintenanceUpdateFrequency>
      </maintenance>
      <contact>
    <individualName>
<givenName>Danny</givenName>          <surName>Eibye-Jacobsen</surName>
    </individualName>
<organizationName>Natural History Museum of Denmark</organizationName><positionName>Collection Manager</positionName>    <address>
<deliveryPoint>Universitetsparken 15</deliveryPoint><city>Copenhagen Ø</city><postalCode>2100</postalCode><country>DENMARK</country>    </address>
<phone>+45 35321115</phone><electronicMailAddress>dejacobsen@snm.ku.dk</electronicMailAddress>      <userId directory="http://orcid.org/">0000-0002-7079-2627</userId>
      </contact>
      <contact>
    <individualName>
<givenName>Tom</givenName>          <surName>Schiøtte</surName>
    </individualName>
<organizationName>Natural History Museum of Denmark</organizationName><positionName>Collection Manager</positionName>    <address>
<deliveryPoint>Universitetsparken 15</deliveryPoint><city>Copenhagen Ø</city><postalCode>2100</postalCode><country>DENMARK</country>    </address>
<phone>+4535321048</phone><electronicMailAddress>tschioette@snm.ku.dk</electronicMailAddress>      </contact>
      <contact>
    <individualName>
<givenName>Laura</givenName>          <surName>Pavesi</surName>
    </individualName>
<organizationName>Natural History Museum of Denmark</organizationName><positionName>Collection Manager</positionName>    <address>
<deliveryPoint>Universitetsparken 15</deliveryPoint><city>Copenhagen Ø</city><postalCode>2100</postalCode><country>DENMARK</country>    </address>
<phone>+45 35321179</phone><electronicMailAddress>lpavesi@snm.ku.dk</electronicMailAddress>      </contact>
      <methods>
            <methodStep>
                <description>
                    <para></para>
                </description>
            </methodStep>
      </methods>

</dataset>

<additionalMetadata>
    <metadata>
      <gbif>
        <dateStamp>2021-03-29T09:38:43Z</dateStamp>
      <citation>Eibye-Jacobsen D, Pavesi L, Schiøtte T, Sørensen M V, Olesen J (2019). Invertebrates excl. Entomology at the Natural History Museum of Denmark. Version 1.2. Natural History Museum of Denmark. Occurrence dataset https://doi.org/10.15468/wodhis accessed via GBIF.org on 2021-03-29.</citation>
              <resourceLogoUrl>http://danbif.au.dk/ipt/logo.do?r=nhmd_invertebrates_excl_entomology</resourceLogoUrl>
        </gbif>
    </metadata>
</additionalMetadata>

</eml:eml>
