<?xml version="1.0" encoding="utf-8"?>
<eml:eml xmlns:eml="eml://ecoinformatics.org/eml-2.1.1" xmlns:xsi="http://www.w3.org/2001/XMLSchema-instance"
         xsi:schemaLocation="eml://ecoinformatics.org/eml-2.1.1 http://rs.gbif.org/schema/eml-gbif-profile/1.1/eml.xsd"
        packageId="6197c830-d9c7-11de-b793-b8a03c50a862"  system="http://gbif.org" scope="system"
  xml:lang="en">

<dataset>
      <alternateIdentifier>10.15468/uuz636</alternateIdentifier>
        <alternateIdentifier>http://168.96.62.13:8080/ipt/resource?r=macnin</alternateIdentifier>
        <alternateIdentifier>6197c830-d9c7-11de-b793-b8a03c50a862</alternateIdentifier>
        <alternateIdentifier>9188</alternateIdentifier>
    <title>Museo Argentino de Ciencias Naturales &quot;Bernardino Rivadavia&quot; (MACN). Invertebrates National Collection (MACNIn)</title>
    <creator>
    <individualName>
<givenName>Alejandro</givenName>          <surName>Tablado</surName>
    </individualName>
<organizationName>Museo Argentino de Ciencias Naturales &apos;Bernardino Rivadavia&apos;</organizationName><positionName>Curador</positionName>    <address>
<deliveryPoint>Av. Angel Gallardo 470</deliveryPoint><city>Ciudad Autónoma de Buenos Aires</city><administrativeArea>C.A.B.A.</administrativeArea><postalCode>C1405DJR</postalCode><country>ARGENTINA</country>    </address>
<phone>(5411) 4982-0306 / 1154 / 5243 / 4494</phone><electronicMailAddress>tablado@macn.gov.ar</electronicMailAddress>    </creator>
    <metadataProvider>
    <individualName>
<givenName>Daniel</givenName>          <surName>Rodríguez</surName>
    </individualName>
<electronicMailAddress>drodriguez@macn.gov.ar</electronicMailAddress>    </metadataProvider>
      <pubDate>
      2021-03-05
      </pubDate>
    <language>SPANISH</language>
    <abstract>
        <para>Database of the collection of Invertebrates contains records mainly of the orders Caenogastropoda, Cheilostomata, Decapoda, Isopoda, and Veneroida. Other invertebrate orders are represented by fewer records.</para>
    </abstract>
        <keywordSet>
              <keyword>Occurrence</keyword>
              <keywordThesaurus>GBIF Dataset Type Vocabulary: http://rs.gbif.org/vocabulary/gbif/dataset_type.xml</keywordThesaurus>
        </keywordSet>
        <keywordSet>
              <keyword>Specimen</keyword>
              <keywordThesaurus>GBIF Dataset Subtype Vocabulary: http://rs.gbif.org/vocabulary/gbif/dataset_subtype.xml</keywordThesaurus>
        </keywordSet>
      <intellectualRights>
        <para>This work is licensed under a <ulink url="http://creativecommons.org/licenses/by/4.0/legalcode"><citetitle>Creative Commons Attribution (CC-BY) 4.0 License</citetitle></ulink>.</para>
      </intellectualRights>
      <maintenance>
          <description>
              <para></para>
          </description>
          <maintenanceUpdateFrequency>monthly</maintenanceUpdateFrequency>
      </maintenance>
      <contact>
    <individualName>
<givenName>Alejandro</givenName>          <surName>Tablado</surName>
    </individualName>
<organizationName>Museo Argentino de Ciencias Naturales &apos;Bernardino Rivadavia&apos;</organizationName><positionName>Curador</positionName>    <address>
<deliveryPoint>Av. Angel Gallardo 470</deliveryPoint><city>Ciudad Autónoma de Buenos Aires</city><administrativeArea>C.A.B.A</administrativeArea><postalCode>C1405DJR</postalCode><country>ARGENTINA</country>    </address>
<phone>(5411) 4982-0306 / 1154 / 5243 / 4494</phone><electronicMailAddress>tablado@macn.gov.ar</electronicMailAddress>      </contact>

</dataset>

<additionalMetadata>
    <metadata>
      <gbif>
        <dateStamp>2021-03-29T09:38:41Z</dateStamp>
      <citation>Tablado A, Rodríguez D (2021). Museo Argentino de Ciencias Naturales &quot;Bernardino Rivadavia&quot; (MACN). Invertebrates National Collection (MACNIn). Museo Argentino de Ciencias Naturales. Occurrence dataset https://doi.org/10.15468/uuz636 accessed via GBIF.org on 2021-03-29.</citation>
              <resourceLogoUrl>http://168.96.62.13:8080/ipt/logo.do?r=macnin</resourceLogoUrl>
        </gbif>
    </metadata>
</additionalMetadata>

</eml:eml>
