<?xml version="1.0" encoding="utf-8"?>
<eml:eml xmlns:eml="eml://ecoinformatics.org/eml-2.1.1" xmlns:xsi="http://www.w3.org/2001/XMLSchema-instance"
         xsi:schemaLocation="eml://ecoinformatics.org/eml-2.1.1 http://rs.gbif.org/schema/eml-gbif-profile/1.1/eml.xsd"
        packageId="6242ca69-c65e-4723-b629-9aeb05b51c88"  system="http://gbif.org" scope="system"
  xml:lang="en">

<dataset>
      <alternateIdentifier>10.15468/yaikgn</alternateIdentifier>
        <alternateIdentifier>6242ca69-c65e-4723-b629-9aeb05b51c88</alternateIdentifier>
        <alternateIdentifier>http://ipt.gbif.fr/resource?r=inra_pe_oir</alternateIdentifier>
    <title>Abundances and biological traits of fish sampled by electrofishing (except specific abundance indices) on the River Oir since 1988 (France).</title>
    <creator>
    <individualName>
<givenName>Frédéric</givenName>          <surName>Marchand</surName>
    </individualName>
<organizationName>INRAE U3E, Pôle OFB-INRAE-Agrocampus Ouest-UPPA pour la gestion des migrateurs amphihalins dans leur environnement</organizationName><positionName>Researcher</positionName>    <address>
<deliveryPoint>65 rue de St Brieuc, CS 84215</deliveryPoint><city>Rennes</city><postalCode>35042</postalCode><country>FRANCE</country>    </address>
<phone>+33223485786</phone><electronicMailAddress>frederic.marchand@inrae.fr</electronicMailAddress>    </creator>
    <creator>
    <individualName>
<givenName>Didier</givenName>          <surName>Azam</surName>
    </individualName>
<organizationName>INRAE U3E, Pôle OFB-INRAE-Agrocampus Ouest-UPPA pour la gestion des migrateurs amphihalins dans leur environnement</organizationName><positionName>Researcher</positionName>    <address>
<deliveryPoint>65 rue de St Brieuc, CS 84215</deliveryPoint><city>Rennes</city><postalCode>35042</postalCode><country>FRANCE</country>    </address>
<phone>+33223485786</phone><electronicMailAddress>Didier.Azam@inrae.fr</electronicMailAddress>    </creator>
    <creator>
    <individualName>
<givenName>Richard</givenName>          <surName>Delanoë</surName>
    </individualName>
<organizationName>OFB DRAS, INRAE U3E, Pôle OFB-INRAE-Agrocampus Ouest-UPPA pour la gestion des migrateurs amphihalins dans leur environnement</organizationName><positionName>Researcher</positionName>    <address>
<deliveryPoint>Le moulin de Cerisel</deliveryPoint><city>Ducey</city><postalCode>50220</postalCode><country>FRANCE</country>    </address>
<phone>+330688155198</phone><electronicMailAddress>richard.delanoe@ofb.gouv.fr</electronicMailAddress>    </creator>
    <creator>
    <individualName>
<givenName>Jean-Pierre</givenName>          <surName>Destouches</surName>
    </individualName>
<organizationName>INRAE U3E, Pôle OFB-INRAE-Agrocampus Ouest-UPPA pour la gestion des migrateurs amphihalins dans leur environnement</organizationName><positionName>Researcher</positionName>    <address>
<deliveryPoint>65 rue de St Brieuc, CS 84215</deliveryPoint><city>Rennes</city><postalCode>35042</postalCode><country>FRANCE</country>    </address>
<phone>+33223485786</phone><electronicMailAddress>Jean-Pierre.Destouches@inrae.fr</electronicMailAddress>    </creator>
    <creator>
    <individualName>
<givenName>Julien</givenName>          <surName>Tremblay</surName>
    </individualName>
<organizationName>INRA-U3E</organizationName><positionName>Researcher</positionName>    <address>
<deliveryPoint>65 rue de St Brieuc, CS 84215</deliveryPoint><city>Rennes</city><postalCode>35042</postalCode><country>FRANCE</country>    </address>
<phone>+33 223485786</phone><electronicMailAddress>Julien.Tremblay@inra.fr</electronicMailAddress>    </creator>
    <creator>
    <individualName>
<givenName>Jean-Luc</givenName>          <surName>Baglinière</surName>
    </individualName>
<organizationName>INRAE U3E, Pôle OFB-INRAE-Agrocampus Ouest-UPPA pour la gestion des migrateurs amphihalins dans leur environnement</organizationName><positionName>Researcher</positionName>    <address>
<deliveryPoint>65 rue de St Brieuc, CS 84215</deliveryPoint><city>Rennes</city><postalCode>35042</postalCode><country>FRANCE</country>    </address>
<phone>+33 223485447</phone><electronicMailAddress>Jean-Luc.Bagliniere@inrae.fr</electronicMailAddress>    </creator>
    <creator>
    <individualName>
<givenName>Marie</givenName>          <surName>Nevoux</surName>
    </individualName>
<organizationName>INRAE ESE, Pôle OFB-INRAE-Agrocampus Ouest-UPPA pour la gestion des migrateurs amphihalins dans leur environnement</organizationName><positionName>Researcher</positionName>    <address>
<deliveryPoint>65 rue de St Brieuc, CS 84215</deliveryPoint><city>Rennes</city><postalCode>35042</postalCode><country>FRANCE</country>    </address>
<phone>+33223485235</phone><electronicMailAddress>Marie.Nevoux@inrae.fr</electronicMailAddress>    </creator>
    <creator>
    <individualName>
<givenName>Etienne</givenName>          <surName>Prévost</surName>
    </individualName>
<organizationName>INRAE ECOBIOP, Pôle OFB-INRAE-Agrocampus Ouest-UPPA pour la gestion des migrateurs amphihalins dans leur environnement</organizationName><positionName>Researcher</positionName>    <address>
<deliveryPoint>Aquapôle - Ibarron</deliveryPoint><city>St-Pée-sur-Nivelle</city><postalCode>64310</postalCode><country>FRANCE</country>    </address>
<phone>+33559515983</phone><electronicMailAddress>Etienne.Prevost@inrae.fr</electronicMailAddress>    </creator>
    <creator>
    <individualName>
<givenName>Didier</givenName>          <surName>Azam</surName>
    </individualName>
<organizationName>INRAE U3E, Pôle OFB-INRAE-Agrocampus Ouest-UPPA pour la gestion des migrateurs amphihalins dans leur environnement</organizationName><positionName>Researcher</positionName>    <address>
<deliveryPoint>65 rue de St Brieuc, CS 84215</deliveryPoint><city>Rennes</city><postalCode>35042</postalCode><country>FRANCE</country>    </address>
<phone>+33223485786</phone><electronicMailAddress>Didier.Azam@inrae.fr</electronicMailAddress>    </creator>
    <metadataProvider>
    <individualName>
<givenName>Frédéric</givenName>          <surName>Marchand</surName>
    </individualName>
<organizationName>INRAE U3E, Pôle OFB-INRAE-Agrocampus Ouest-UPPA pour la gestion des migrateurs amphihalins dans leur environnement</organizationName><positionName>Researcher</positionName>    <address>
<deliveryPoint>65 rue de St Brieuc, CS 84215</deliveryPoint><city>Rennes</city><postalCode>35042</postalCode><country>FRANCE</country>    </address>
<phone>+33223485786</phone><electronicMailAddress>frederic.marchand@inrae.fr</electronicMailAddress>    </metadataProvider>
    <associatedParty>
    <individualName>
          <surName>GBIF France</surName>
    </individualName>
<organizationName>GBIF France</organizationName><positionName>IT support</positionName>    <address>
<deliveryPoint>43 rue Buffon</deliveryPoint><city>Paris</city><postalCode>75005</postalCode><country>FRANCE</country>    </address>
<electronicMailAddress>connexion@gbif.fr</electronicMailAddress>    <role>DISTRIBUTOR</role>
    </associatedParty>
    <associatedParty>
    <individualName>
<givenName>Etienne</givenName>          <surName>Prévost</surName>
    </individualName>
<organizationName>INRAE ECOBIOP, Pôle OFB-INRAE-Agrocampus Ouest-UPPA pour la gestion des migrateurs amphihalins dans leur environnement</organizationName><positionName>Researcher</positionName>    <address>
<deliveryPoint>Aquapôle - Ibarron</deliveryPoint><city>St-Pée-sur-Nivelle</city><postalCode>64310</postalCode><country>FRANCE</country>    </address>
<phone>+33559515983</phone><electronicMailAddress>Etienne.Prevost@inrae.fr</electronicMailAddress>    <role>PRINCIPAL_INVESTIGATOR</role>
    </associatedParty>
    <associatedParty>
    <individualName>
<givenName>Frédéric</givenName>          <surName>Marchand</surName>
    </individualName>
<organizationName>INRAE U3E, Pôle OFB-INRAE-Agrocampus Ouest-UPPA pour la gestion des migrateurs amphihalins dans leur environnement</organizationName><positionName>Researcher</positionName>    <address>
<deliveryPoint>65 rue de St Brieuc, CS 84215</deliveryPoint><city>Rennes</city><postalCode>35042</postalCode><country>FRANCE</country>    </address>
<phone>+33223485786</phone><electronicMailAddress>frederic.marchand@inrae.fr</electronicMailAddress>    <role>CONTENT_PROVIDER</role>
    </associatedParty>
    <associatedParty>
    <individualName>
<givenName>Richard</givenName>          <surName>Delanoë</surName>
    </individualName>
<organizationName>OFB DRAS, INRAE U3E, Pôle OFB-INRAE-Agrocampus Ouest-UPPA pour la gestion des migrateurs amphihalins dans leur environnement</organizationName><positionName>n/a</positionName>    <address>
<deliveryPoint>Le moulin de Cerisel</deliveryPoint><city>Ducey</city><postalCode>50220</postalCode><country>FRANCE</country>    </address>
<phone>+330688155198</phone><electronicMailAddress>richard.delanoe@ofb.gouv.fr</electronicMailAddress>    <role>CONTENT_PROVIDER</role>
    </associatedParty>
    <associatedParty>
    <individualName>
<givenName>Julien</givenName>          <surName>Tremblay</surName>
    </individualName>
<organizationName>INRAE U3E, Pôle OFB-INRAE-Agrocampus Ouest-UPPA pour la gestion des migrateurs amphihalins dans leur environnement</organizationName><positionName>Researcher</positionName>    <address>
<deliveryPoint>65 rue de St Brieuc, CS 84215</deliveryPoint><city>Rennes</city><postalCode>35042</postalCode><country>FRANCE</country>    </address>
<phone>+33 223485786</phone><electronicMailAddress>Julien.Tremblay@inrae.fr</electronicMailAddress>    <role>CONTENT_PROVIDER</role>
    </associatedParty>
    <associatedParty>
    <individualName>
<givenName>Nadine</givenName>          <surName>Herrard</surName>
    </individualName>
<organizationName>INRAE U3E, Pôle OFB-INRAE-Agrocampus Ouest-UPPA pour la gestion des migrateurs amphihalins dans leur environnement</organizationName><positionName>-</positionName>    <address>
<deliveryPoint>65 rue de St Brieuc, CS 84215</deliveryPoint><city>Rennes</city><postalCode>35042</postalCode><country>FRANCE</country>    </address>
<phone>+33 223485773</phone><electronicMailAddress>Nadine.Herrard@inrae.fr</electronicMailAddress>    <role>PROGRAMMER</role>
    </associatedParty>
    <associatedParty>
    <individualName>
<givenName>Jean-Luc</givenName>          <surName>Baglinière</surName>
    </individualName>
<organizationName>INRAE ESE, Pôle OFB-INRAE-Agrocampus Ouest-UPPA pour la gestion des migrateurs amphihalins dans leur environnement</organizationName><positionName>Researcher</positionName>    <address>
<deliveryPoint>65 rue de St Brieuc, CS 84215</deliveryPoint><city>Rennes</city><postalCode>35042</postalCode><country>FRANCE</country>    </address>
<phone>+33 223485447</phone><electronicMailAddress>Jean-Luc.Bagliniere@inrae.fr</electronicMailAddress>    <role>CONTENT_PROVIDER</role>
    </associatedParty>
    <associatedParty>
    <individualName>
<givenName>Marie</givenName>          <surName>Nevoux</surName>
    </individualName>
<organizationName>INRAE ESE, Pôle OFB-INRAE-Agrocampus Ouest-UPPA pour la gestion des migrateurs amphihalins dans leur environnement</organizationName><positionName>Researcher</positionName>    <address>
<deliveryPoint>65 rue de St Brieuc, CS 84215</deliveryPoint><city>Rennes</city><postalCode>35042</postalCode><country>FRANCE</country>    </address>
<phone>+33 223485235</phone><electronicMailAddress>Marie.Nevoux@inrae.fr</electronicMailAddress>    <role>CONTENT_PROVIDER</role>
    </associatedParty>
    <associatedParty>
    <individualName>
<givenName>Jean-Pierre</givenName>          <surName>Destouches</surName>
    </individualName>
<organizationName>INRAE U3E, Pôle OFB-INRAE-Agrocampus Ouest-UPPA pour la gestion des migrateurs amphihalins dans leur environnement</organizationName><positionName>Researcher</positionName>    <address>
<deliveryPoint>65 rue de St Brieuc, CS 84215</deliveryPoint><city>Rennes</city><postalCode>35042</postalCode><country>FRANCE</country>    </address>
<phone>+33 223485786</phone><electronicMailAddress>Jean-Pierre.Destouches@inrae.fr</electronicMailAddress>    <role>CONTENT_PROVIDER</role>
    </associatedParty>
      <pubDate>
      2020-02-28
      </pubDate>
    <language>ENGLISH</language>
    <abstract>
        <para>Since 1988, an annual campaign is conducted to quantify by electrofishing the abundance of fishes in the Oir basin. Originally, the main target species were salmon and trout. Beginning in 2000, eels were monitored in the same way as salmonids. The survey of the entire fish community has been carried out on a network of seven sites. It is usually done in September and October. Two sites are also monitored in May for all species. The data consists of 1738 electrofishing operations and 153068 fish records. Biological traits measured on the fish sampled are sex, maturity status, length, weight and age. Some of the salmon, trout and eels are identified individually with a pit tag. Scale sampling is carried out on a subsample of individuals to estimate the age of the fish. The survey is carried out under the Research Observatory on Diadromous Fish in Coastal Streams (ERO DiaPFC) program. The data are stored in the database of the ERO. They are used to develop predictive models and tools for providing scientific advice to improve the management of these heritage species</para>
    </abstract>
        <keywordSet>
              <keyword>Occurrence</keyword>
              <keywordThesaurus>GBIF Dataset Type Vocabulary: http://rs.gbif.org/vocabulary/gbif/dataset_type.xml</keywordThesaurus>
        </keywordSet>
        <keywordSet>
              <keyword>Observation</keyword>
              <keywordThesaurus>GBIF Dataset Subtype Vocabulary: http://rs.gbif.org/vocabulary/gbif/dataset_subtype.xml</keywordThesaurus>
        </keywordSet>
        <keywordSet>
              <keyword>catch effort</keyword>
              <keyword>salmon</keyword>
              <keyword>population distribution</keyword>
              <keyword>Population density</keyword>
              <keyword>salmo salar</keyword>
              <keywordThesaurus>AGROVOC</keywordThesaurus>
        </keywordSet>
      <additionalInfo>
          <para>This data set is intended to be updated annually</para>
      </additionalInfo>
      <intellectualRights>
        <para>This work is licensed under a <ulink url="http://creativecommons.org/licenses/by/4.0/legalcode"><citetitle>Creative Commons Attribution (CC-BY) 4.0 License</citetitle></ulink>.</para>
      </intellectualRights>
      <distribution scope="document">
          <online>
              <url function="information">https://www6.inra.fr/ore-pfc</url>
          </online>
      </distribution>
      <coverage>
            <geographicCoverage>
                  <geographicDescription>Oir river in Normandy (France). Latitude ranges from 48.6840 to 48.5985; longitude ranges from -1.2949 to -1. 0994.</geographicDescription>
                  <boundingCoordinates>
                      <westBoundingCoordinate>-1.29</westBoundingCoordinate>
                      <eastBoundingCoordinate>-1.1</eastBoundingCoordinate>
                      <northBoundingCoordinate>48.68</northBoundingCoordinate>
                      <southBoundingCoordinate>48.6</southBoundingCoordinate>
                  </boundingCoordinates>
            </geographicCoverage>
          <temporalCoverage>
            <rangeOfDates>
              <beginDate>
                <calendarDate>      1988-10-03
</calendarDate>
              </beginDate>
              <endDate>
                <calendarDate>      2019-10-11
</calendarDate>
              </endDate>
            </rangeOfDates>
          </temporalCoverage>
              <taxonomicCoverage>
                    <generalTaxonomicCoverage>Freswater fish and crayfish</generalTaxonomicCoverage>
                    <taxonomicClassification>
                        <taxonRankValue>Alburnus alburnus (Linnaeus, 1758)</taxonRankValue>
                    </taxonomicClassification>
                    <taxonomicClassification>
                        <taxonRankValue>Anguilla anguilla (Linnaeus, 1758)</taxonRankValue>
                    </taxonomicClassification>
                    <taxonomicClassification>
                        <taxonRankValue>Austropotamobius pallipes (Lereboullet, 1858)</taxonRankValue>
                    </taxonomicClassification>
                    <taxonomicClassification>
                        <taxonRankValue>Barbatula barbatula (Linnaeus, 1758)</taxonRankValue>
                    </taxonomicClassification>
                    <taxonomicClassification>
                        <taxonRankValue>Carassius carassius (Linnaeus, 1758)</taxonRankValue>
                    </taxonomicClassification>
                    <taxonomicClassification>
                        <taxonRankValue>Cottus gobio (Linnaeus, 1758)</taxonRankValue>
                    </taxonomicClassification>
                    <taxonomicClassification>
                        <taxonRankValue>Cyprinus carpio (Linnaeus, 1758)</taxonRankValue>
                    </taxonomicClassification>
                    <taxonomicClassification>
                        <taxonRankValue>Esox lucius (Linnaeus, 1758)</taxonRankValue>
                    </taxonomicClassification>
                    <taxonomicClassification>
                        <taxonRankValue>Gobio gobio (Linnaeus, 1758)</taxonRankValue>
                    </taxonomicClassification>
                    <taxonomicClassification>
                        <taxonRankValue>Lampetra (Bonnaterre, 1788)</taxonRankValue>
                    </taxonomicClassification>
                    <taxonomicClassification>
                        <taxonRankValue>Lampetra fluviatilis (Linnaeus, 1758)</taxonRankValue>
                    </taxonomicClassification>
                    <taxonomicClassification>
                        <taxonRankValue>Lampetra planeri (Bloch, 1784)</taxonRankValue>
                    </taxonomicClassification>
                    <taxonomicClassification>
                        <taxonRankValue>Leuciscus leuciscus (Linnaeus, 1758)</taxonRankValue>
                    </taxonomicClassification>
                    <taxonomicClassification>
                        <taxonRankValue>Pacifastacus leniusculus (Dana, 1852)</taxonRankValue>
                    </taxonomicClassification>
                    <taxonomicClassification>
                        <taxonRankValue>Perca fluviatilis (Linnaeus, 1758)</taxonRankValue>
                    </taxonomicClassification>
                    <taxonomicClassification>
                        <taxonRankValue>Petromyzon marinus (Linnaeus, 1758)</taxonRankValue>
                    </taxonomicClassification>
                    <taxonomicClassification>
                        <taxonRankValue>Phoxinus phoxinus (Linnaeus, 1758)</taxonRankValue>
                    </taxonomicClassification>
                    <taxonomicClassification>
                        <taxonRankValue>Platichthys flesus (Linnaeus, 1758)</taxonRankValue>
                    </taxonomicClassification>
                    <taxonomicClassification>
                        <taxonRankValue>Rutilus rutilus (Linnaeus, 1758)</taxonRankValue>
                    </taxonomicClassification>
                    <taxonomicClassification>
                        <taxonRankValue>Salmo salar (Linnaeus, 1758)</taxonRankValue>
                    </taxonomicClassification>
                    <taxonomicClassification>
                        <taxonRankValue>Salmo trutta (Linnaeus, 1758)</taxonRankValue>
                    </taxonomicClassification>
                    <taxonomicClassification>
                        <taxonRankValue>Salmo trutta trutta (Linnaeus, 1758)</taxonRankValue>
                    </taxonomicClassification>
                    <taxonomicClassification>
                        <taxonRankValue>Squalius cephalus (Linnaeus, 1758)</taxonRankValue>
                    </taxonomicClassification>
                    <taxonomicClassification>
                        <taxonRankValue>Tinca tinca (Linnaeus, 1758)</taxonRankValue>
                    </taxonomicClassification>
              </taxonomicCoverage>
      </coverage>
      <maintenance>
          <description>
              <para></para>
          </description>
          <maintenanceUpdateFrequency>unkown</maintenanceUpdateFrequency>
      </maintenance>
      <contact>
    <individualName>
<givenName>Frédéric</givenName>          <surName>Marchand</surName>
    </individualName>
<organizationName>INRAE U3E, Pôle OFB-INRAE-Agrocampus Ouest-UPPA pour la gestion des migrateurs amphihalins dans leur environnement</organizationName><positionName>Researcher</positionName>    <address>
<deliveryPoint>65 rue de St Brieuc, CS 84215</deliveryPoint><city>Rennes</city><postalCode>35042</postalCode><country>FRANCE</country>    </address>
<phone>+33223485786</phone><electronicMailAddress>frederic.marchand@inrae.fr</electronicMailAddress>      </contact>
      <methods>
            <methodStep>
                <description>
                    <para>Electrofishing surveys were part of long-term monitoring programmes on each river and followed consistent protocols with standardised effort. Fish capture was carried out with different electrofishing equipment using similar settings (direct current, 200-300V). When the target is only salmonids and eels, electrofishing is carried out on a set of sites spread over the entire river network of the Oir River. The capture efficiency is evaluated by carrying out 2 passages on several representative sites.</para>
                </description>
            </methodStep>
            <methodStep>
                <description>
                    <para>Biometric measurement of the fish are recorded after their anesthesia with benzocaïne. The fish length is measured from the tip of the mouth to the fork of the caudal fin (hereafter length to the nearest millimetre,mm), except for fish whose caudal fin has no fork and for which the total length has been measured. Fish are then weighed (0.2 g precision) and examined for evidence of sexual maturity (mature if it had a soft and distended underbelly from enlarged gonads [Frome] or produced milt when massaged gently. Scales and a piece of fin are taken from a subsample of individuals. Some of the salmon, trout and eels are identified individually with a pit tag. All the fish sampled are then released in their original site.</para>
                </description>
            </methodStep>
            <methodStep>
                <description>
                    <para>Age is verified from scale reading according to standard methods described by (Baglinière and Le Louarn, 1987) and (Richard and Bagliniere, 1990).</para>
                </description>
            </methodStep>
            <sampling>
                <studyExtent>
                    <description>
                        <para>Oir river : Latitude ranges from 48.6840 to 48.5985; longitude ranges from -1.2949 to -1. 0994. The Oir River is located on the southern edge of Normandy. It is a tributary of the Sélune, a coastal river that flows into the Bay of Mont Saint-Michel. The Oir is 21 km long and has a mean gradient of 1.1%. Annual mean discharge is 1.1 m3/s and the drainage basin area is 85.4 km2, which is dominated by sedimentary schist and metamorphic hornfels with granite inclusions. Agriculture is the main human activity and land use. Migratory fish cannot access the upper Sélune because a dam located 15 km from the sea blocks them. The Oir, with a 16 kmlong section accessible to Atlantic salmon, is the main spawning ground and the most productive tributary of the Sélune hydrographic network.</para>
                    </description>
                </studyExtent>
                <samplingDescription>
                    <para>Since 1988, an annual campaign is conducted to quantify by electrofishing the abundance of fishes in the Oir basin. Over the years, sampling has been conducted at 49 sites spread along the mainstem and 53 situated on six tributaries. Originally, the main target species were salmon and trout. Beginning in 2000, eels were monitored in the same way as salmonids. The inventory of the entire fish community has been carried out on a network of seven sites. It is usually done in autumn. Two sites on two tributaries are also monitored in May for all species.</para>
                </samplingDescription>
            </sampling>
      </methods>

      <project >
          <title>Observatoire de Recherche en Environnement des poissons diadromes sur les Fleuves Côtiers - Ecological Research Observatory on Diadromous Fish in coastal streams</title>
          <personnel>
    <individualName>
<givenName>Etienne</givenName>          <surName>Prévost</surName>
    </individualName>
    <role>POINT_OF_CONTACT</role>
          </personnel>
          <abstract>
              <para>The Research Observatory on Diadromous Fish in Coastal Streams (ORE DiaPFC) is a research infrastructure steered by INRAE in partnership with OFB and part of the OFB-INRAE R&amp;D center. It’s focused on the study of the evolution of diadromous fish populations under the influence human induced environmental changes that affect these rivers (mainly climate and effects of agriculture). Diadromous species of primary interest are salmon (Salmo salar), trout (Salmo trutta), eel (Anguilla Anguilla), shads (Alosa sp.), and lampreys (Lampetra sp. and Petromyzon marinus). These species are threatened by the consequences of human activities. They are flagship species for the biodiversity of coastal streams. Nowadays, these streams are the main refuges for diadromous fish that have disappeared or dramatically declined on larger rivers.
This ERO DiaPFC is a Research Infrastructure based on four coastal streams of the Atlantic and Channel coast of France: the Bresle and the Oir in Normandy, the Scorff in Brittany and the Nivelle in the Pays Basque. These four rivers are equipped with diadromous fish trapping facilities and are thoroughly and continuously surveyed from the mid 1980s. They are twinned with experimental ecology facilities located in Rennes (Brittany) and Saint-Pée-sur-Nivelle (Pays Basque). This set of facilities is complemented by individual-based eco-genetic simulators for in silico experimentation on virtual populations.</para>
          </abstract>
          <funding>
              <para>- INRAE : French National Institute for Agricultural Research

- OFB : French Office for Biodiversity

- FEAMP : (European Fund for Maritime Affairs and Fisheries).  Since 2017, data collected on salmon in the framework of the ORE DiaPFC have been included in the national program for the data collect in support of scientific advice for the Common Fisheries Policy (DCF - Work Plan for data collection in the fisheries and aquaculture sectors 2017-2019) for the European regulations on fisheries management.
In this context, INRA and AFB contribute to the National Work Program piloted by the DPMA of the Ministry of the Environment. This program is financially supported by FEAMP</para>
          </funding>
            <studyAreaDescription>
                <descriptor name="generic" citableClassificationSystem="false">
                    <descriptorValue>ERO DiaPFC is a Research Infrastructure based on three coastal streams of the Atlantic and Channel coast of France: the Bresle and the Oir in Normandy, the Scorff in Brittany and the Nivelle in the Pays Basque</descriptorValue>
                </descriptor>
            </studyAreaDescription>
            <designDescription>
                <description>
                    <para>The issue of &apos;Research Observatory on Diadromes Fish in Coastal Rivers (ORE DiaPFC) is to study the evolution of diadromous fish populations as a result of environmental changes (climate change and changes related to agriculture ) that affect these rivers.</para>
                </description>
            </designDescription>
      </project>
</dataset>

<additionalMetadata>
    <metadata>
      <gbif>
        <dateStamp>2021-03-29T09:38:44Z</dateStamp>
      <citation>Marchand F, Azam D, Delanoë R, Destouches J, Tremblay J, Baglinière J, Nevoux M, Prévost E (2020). Abundances and biological traits of fish sampled by electrofishing (except specific abundance indices) on the River Oir since 1988 (France).. Version 1.7. Institut national de recherche pour l’agriculture, l’alimentation et l’environnement (INRAE). Occurrence dataset https://doi.org/10.15468/yaikgn accessed via GBIF.org on 2021-03-29.</citation>
              <bibliography>
      <citation>Baglinière, J. L., and Le Louarn, H. 1987. Caractéristiques scalimétriques des principales espèces de poissons d’eau douce de France. Bulletin Français de la Pêche et de la Pisciculture: 1–39.</citation>
      <citation>Richard, A., and Bagliniere, J. L. 1990. Description et interprétation des écailles de truites de mer (Salmo trutta L.) de deux rivières de Basse-Normandie : l’Orne et la Touques. Bulletin Français de la Pêche et de la Pisciculture: 239–257.</citation>
              </bibliography>
              <resourceLogoUrl>http://ipt.gbif.fr/logo.do?r=inra_pe_oir</resourceLogoUrl>
              <collection>
                <parentCollectionIdentifier></parentCollectionIdentifier>
                <collectionIdentifier>http://147.99.222.8:8080/BDEI/</collectionIdentifier>
                <collectionName>Colisa - Collection of Ichtylogical Samples</collectionName>
              </collection>
                <specimenPreservationMethod>NO_TREATMENT</specimenPreservationMethod>
                  <jgtiCuratorialUnit>
                      <jgtiUnitType>Fin</jgtiUnitType>
                      <jgtiUnitRange>
                          <beginRange>11,731</beginRange>
                          <endRange>11,731</endRange>
                      </jgtiUnitRange>
                  </jgtiCuratorialUnit>
                  <jgtiCuratorialUnit>
                      <jgtiUnitType>Scale</jgtiUnitType>
                      <jgtiUnitRange>
                          <beginRange>17,716</beginRange>
                          <endRange>17,716</endRange>
                      </jgtiUnitRange>
                  </jgtiCuratorialUnit>
        </gbif>
    </metadata>
</additionalMetadata>

</eml:eml>
