<?xml version="1.0" encoding="utf-8"?>
<eml:eml xmlns:eml="eml://ecoinformatics.org/eml-2.1.1" xmlns:xsi="http://www.w3.org/2001/XMLSchema-instance"
         xsi:schemaLocation="eml://ecoinformatics.org/eml-2.1.1 http://rs.gbif.org/schema/eml-gbif-profile/1.1/eml.xsd"
        packageId="702973cf-6935-45bf-ba31-cecee3571cf9"  system="http://gbif.org" scope="system"
  xml:lang="en">

<dataset>
      <alternateIdentifier>10.15468/jhv16z</alternateIdentifier>
        <alternateIdentifier>https://ipt.inbo.be/resource?r=vis-estuarine-monitoring-events</alternateIdentifier>
        <alternateIdentifier>702973cf-6935-45bf-ba31-cecee3571cf9</alternateIdentifier>
        <alternateIdentifier>http://data.inbo.be/ipt/resource?r=vis-estuarine-monitoring-events</alternateIdentifier>
    <title>VIS - Estuarine monitoring in Flanders, Belgium (post 2013)</title>
    <creator>
    <individualName>
<givenName>Jan</givenName>          <surName>Breine</surName>
    </individualName>
<organizationName>Research Institute for Nature and Forest (INBO)</organizationName><positionName>Researcher</positionName>    <address>
<city>Linkebeek</city><administrativeArea>Flemish Brabant</administrativeArea><country>BELGIUM</country>    </address>
<electronicMailAddress>jan.breine@inbo.be</electronicMailAddress>    </creator>
    <creator>
    <individualName>
<givenName>Dimitri</givenName>          <surName>Brosens</surName>
    </individualName>
<organizationName>Research Institute for Nature and Forest (INBO)</organizationName><positionName>Data liaison officer</positionName>    <address>
<deliveryPoint>Kliniekstraat 25</deliveryPoint><city>Brussels</city><administrativeArea>Brussels Capital Region</administrativeArea><postalCode>1070</postalCode><country>BELGIUM</country>    </address>
<electronicMailAddress>dimitri.brosens@inbo.be</electronicMailAddress><onlineUrl>http://www.biodiversity.be</onlineUrl>      <userId directory="http://orcid.org/">0000-0002-0846-9116</userId>
    </creator>
    <metadataProvider>
    <individualName>
<givenName>Dimitri</givenName>          <surName>Brosens</surName>
    </individualName>
<organizationName>Research Institute for Nature and Forest (INBO)</organizationName><positionName>Data liaison officer</positionName>    <address>
<deliveryPoint>Kliniekstraat 25</deliveryPoint><city>Brussels</city><administrativeArea>Brussels Capital Region</administrativeArea><postalCode>1070</postalCode><country>BELGIUM</country>    </address>
<electronicMailAddress>dimitri.brosens@inbo.be</electronicMailAddress><onlineUrl>http://www.biodiversity.be</onlineUrl>      <userId directory="http://orcid.org/">0000-0002-0846-9116</userId>
    </metadataProvider>
    <metadataProvider>
    <individualName>
<givenName>Peter</givenName>          <surName>Desmet</surName>
    </individualName>
<organizationName>Research Institute for Nature and Forest (INBO)</organizationName><positionName>Data lab coordinator</positionName>    <address>
<deliveryPoint>Kliniekstraat 25</deliveryPoint><city>Brussels</city><administrativeArea>Brussels Capital Region</administrativeArea><postalCode>1070</postalCode><country>BELGIUM</country>    </address>
<electronicMailAddress>peter.desmet@inbo.be</electronicMailAddress>      <userId directory="http://orcid.org/">0000-0002-8442-8025</userId>
    </metadataProvider>
      <pubDate>
      2021-03-12
      </pubDate>
    <language>ENGLISH</language>
    <abstract>
        <para>&lt;p&gt;VIS - Estuarine monitoring in Flanders, Belgium (post 2013) is a sampling event dataset published by the Research Institute for Nature and Forest (INBO). The dataset contains close to 32,000 fish occurrences sampled between 2013 and 2016 from 33 locations in the estuary of the river Yser and the part of the river Scheldt under tidal influence (&amp;#34;Zeeschelde&amp;#34;). The dataset includes over 60 fish species, as well as a number of non-target crustacean species. The data are retrieved from the Fish Information System (VIS), a database set up to monitor the status of fishes and their habitats in Flanders and are collected in support of the Water Framework Directive, the Habitat Directive, certain red lists, and biodiversity research. The VIS database is described in Brosens et al. 2015 (https://doi.org/10.3897/zookeys.475.8556). Additional information, such as measurements, absence information and abiotic data are available upon request. Issues with the dataset can be reported at https://github.com/inbo/data-publication/tree/master/datasets/vis-estuarine-monitoring-events&lt;/p&gt;
&lt;p&gt;Length and weight measurement data of the individual fishes, absence information, occurrence data since 2015, as well as abiotic data of the sampling points (pH, temperature, etc.) are not included in the Darwin Core Archive and are available upon request.&lt;/p&gt;
&lt;p&gt;released the data to the public domain under a Creative Commons Zero waiver (http://creativecommons.org/publicdomain/zero/1.0/). We would appreciate however, if you read and follow these norms for data use (http://www.inbo.be/en/norms-for-data-use) and provide a link to the original dataset (https://doi.org/10.15468/jhv16z) whenever possible. If you use these data for a scientific paper, please cite the dataset following the applicable citation norms and/or consider us for co-authorship. We are always interested to know how you have used or visualized the data, or to provide more information, so please contact us via the contact information provided in the metadata, opendata&amp;#64;inbo.be or https://twitter.com/LifeWatchINBO.&lt;/p&gt;</para>
    </abstract>
        <keywordSet>
              <keyword>occurrence</keyword>
              <keyword>Samplingevent</keyword>
              <keywordThesaurus>GBIF Dataset Type Vocabulary: http://rs.gbif.org/vocabulary/gbif/dataset_type.xml</keywordThesaurus>
        </keywordSet>
        <keywordSet>
              <keyword>ecosystem functioning</keyword>
              <keyword>fish-based index of biotic integrity</keyword>
              <keyword>brackish water</keyword>
              <keyword>estuary</keyword>
              <keyword>River Yser</keyword>
              <keyword>fish distribution</keyword>
              <keyword>Zeeschelde</keyword>
              <keyword>open data</keyword>
              <keyword>River Scheldt</keyword>
              <keywordThesaurus>n/a</keywordThesaurus>
        </keywordSet>
        <keywordSet>
              <keyword>Samplingevent</keyword>
              <keywordThesaurus>GBIF Dataset Type Vocabulary: http://rs.gbif.org/vocabulary/gbif/dataset_type_2015-07-10.xml</keywordThesaurus>
        </keywordSet>
      <intellectualRights>
        <para>To the extent possible under law, the publisher has waived all rights to these data and has dedicated them to the <ulink url="http://creativecommons.org/publicdomain/zero/1.0/legalcode"><citetitle>Public Domain (CC0 1.0)</citetitle></ulink>. Users may copy, modify, distribute and use the work, including for commercial purposes, without restriction.</para>
      </intellectualRights>
      <distribution scope="document">
          <online>
              <url function="information">http://vis.milieuinfo.be</url>
          </online>
      </distribution>
      <coverage>
            <geographicCoverage>
                  <geographicDescription>Estuary of the river Yser and the part of the river Scheldt under tidal influence (&quot;Zeeschelde&quot;) in Flanders, Belgium.</geographicDescription>
                  <boundingCoordinates>
                      <westBoundingCoordinate>2.54</westBoundingCoordinate>
                      <eastBoundingCoordinate>4.59</eastBoundingCoordinate>
                      <northBoundingCoordinate>51.51</northBoundingCoordinate>
                      <southBoundingCoordinate>50.68</southBoundingCoordinate>
                  </boundingCoordinates>
            </geographicCoverage>
          <temporalCoverage>
            <rangeOfDates>
              <beginDate>
                <calendarDate>      2013
</calendarDate>
              </beginDate>
              <endDate>
                <calendarDate>      2018
</calendarDate>
              </endDate>
            </rangeOfDates>
          </temporalCoverage>
              <taxonomicCoverage>
                    <generalTaxonomicCoverage>The dataset contains more than 60 fish species found in the estuaries of the rivers Yser and Scheldt, as well as 10 non-target crustacean and 2 gastropod species. The class of Actinopterygii is most represented (55 species). All the crustaceans in this dataset are from the order of the Decapoda.</generalTaxonomicCoverage>
                    <taxonomicClassification>
                          <taxonRankName>Kingdom</taxonRankName>
                        <taxonRankValue>Animalia</taxonRankValue>
                    </taxonomicClassification>
                    <taxonomicClassification>
                          <taxonRankName>Class</taxonRankName>
                        <taxonRankValue>Actinopterygii</taxonRankValue>
                    </taxonomicClassification>
                    <taxonomicClassification>
                          <taxonRankName>Class</taxonRankName>
                        <taxonRankValue>Malacostraca</taxonRankValue>
                    </taxonomicClassification>
                    <taxonomicClassification>
                          <taxonRankName>Class</taxonRankName>
                        <taxonRankValue>Gastropoda</taxonRankValue>
                    </taxonomicClassification>
              </taxonomicCoverage>
      </coverage>
      <purpose>
          <para>The Fish Information System or VIS (http://vis.milieuinfo.be) is a database created by the Research Institute for Nature and Forest (INBO) which is used to monitor the status of fishes and their habitats in Flanders, Belgium and to calculate the biotic integrity (Karr 1981, Belpaire et al. 2000, Breine et al. 2004, 2007, 2010) of fish assemblages. It contains data regarding occurrences, individual morphometrics, stocks, pollutants, indices, and non-native fish species. Sampling has been going on since 1992, the database model was designed in 1994 (Verbiest et al. 1994), the first database developed in 1996 (Verbiest et al. 1996), and the consolidated database set up in 2001. VIS is used for supporting NATURA 2000, an ecological network of protected areas in Europe and to calculate the EQR (Ecological Quality Ratio) in the framework of the EU Water Directive (Directive 2000/60/EC). Further, the database provides updated information for Flemish Red Lists of fishes and lampreys (Verreycken et al. 2014) and on the distribution status of non-native and invasive fish species. The data are also crucial in fish stock management and for reporting on the status of the European eel stock as required by the Eel Regulation (Council Regulation (EC) N° 1100/2007). This dataset is a standardized extraction of all estuarine species occurrences from VIS since 2013.</para>
      </purpose>
      <maintenance>
          <description>
              <para></para>
          </description>
          <maintenanceUpdateFrequency>annually</maintenanceUpdateFrequency>
      </maintenance>
      <contact>
    <individualName>
<givenName>Jan</givenName>          <surName>Breine</surName>
    </individualName>
<organizationName>Research Institute for Nature and Forest (INBO)</organizationName><positionName>Researcher</positionName>    <address>
<city>Linkebeek</city><administrativeArea>Flemish Brabant</administrativeArea><country>BELGIUM</country>    </address>
<electronicMailAddress>jan.breine@inbo.be</electronicMailAddress>      </contact>
      <methods>
            <methodStep>
                <description>
                    <para>Water type: Estuaries
Method: fyke fishing, anchor netting, pound netting, electric fishing
Effort: Fykes: 2 paired nets for two successive days per site. Winged fyke: one per site for two successive days. Anchor netting: per site 4 surveys of one hour (two for each tide). Electric fishing: only in flood control areas (250 m shore transects/ha).</para>
                </description>
            </methodStep>
            <sampling>
                <studyExtent>
                    <description>
                        <para>Over 2,000 locations in estuaries, inland rivers, streams, canals, and enclosed waters in Flanders, Belgium have been sampled, from March to November, since 1992. In 2001, these locations were consolidated in a monitoring network (“VISmeetnet”) of 900 sampling points. Four locations in the Yser estuary and 43 locations in the Zeeschelde were sampled since 1995. While the Yser estuary only covers a small geographical area, the Scheldt estuary is with 33,000 hectares one of the largest estuaries in Europe. It is also one of the few remaining European estuaries that includes the entire gradient from fresh to saltwater tidal areas (Van den Bergh et al. 2009). The 43 sampling locations in the Scheldt estuary are mainly located in the Zeeschelde, but also in the Rivers Durme, Rupel, Dijle, Zenne and Nete. The geographic coordinates in the dataset are those of the defined sampling locations (dwc:locationID). However, as these coordinates are not always exact the actual coordinates of the catch, which may be located further up- or downriver, the coordinate uncertainty (dwc:coordinateUncertaintyInMeters) has been set to 250 meter.</para>
                    </description>
                </studyExtent>
                <samplingDescription>
                    <para>Standardized sampling methods were used as described in Belpaire et al. (2000) and Van Thuyne &amp; Breine (2010) and are specified in the dataset as dwc:samplingProtocol. Per water body, the same method was used for each sampling event. The default method is paired fyke netting, which has been intercalibrated by the North East Atlantic Calibration Group, but additional techniques such as anchor netting, seine netting, pound netting, electric fishing, and eel fyke netting were used as well (Breine et al. 2011). All fishes were identified to species level, counted and their length and weight was measured.

Fyke nets are relatively unselective fishing gear catching demersal and pelagic species (Hamerlynck and Hostens 1994) and also they are easy to install in a great variety of habitat types. As few studies compare fyke catches with other gear (e.g. Hinz 1989, Thiel and Potter 2001), we compared presence/absence data obtained with fyke nets with presence/absence data of fish impinged at cooling-water filter screens of the nuclear power plant of Doel situated in the study area. The data was collected in the same period between 1995 and 1998. During this period we collected the same species with both survey methods but the species richness per day per fyke net was generally higher than that obtained on the filter screens (Breine et al. 2007). In addition preliminary results from a gear intercalibration exercise in different estuaries in Ireland (Whyte et al. 2007) indicated that for species diversity, the results of fyke net catches are comparable to those obtained with other gear (beach seine, beam trawl, otter trawl).</para>
                </samplingDescription>
            </sampling>
            <qualityControl>
                <description>
                    <para>Strict field protocols where used. The Manual for Application of the European Fish Index (EFI) (Fame consortium 2004) served as a guideline for electrofishing and was used in support of the EU water framework directive.</para>
                </description>
            </qualityControl>
      </methods>

</dataset>

<additionalMetadata>
    <metadata>
      <gbif>
        <dateStamp>2021-03-29T09:38:36Z</dateStamp>
      <citation identifier="https://doi.org/10.15468/jhv16z">Breine J, Brosens D, Desmet P (2021). VIS - Estuarine monitoring in Flanders, Belgium (post 2013). Version 1.9. Research Institute for Nature and Forest (INBO). Sampling event dataset https://doi.org/10.15468/jhv16z accessed via GBIF.org on 2021-03-29.</citation>
              <bibliography>
      <citation identifier="https://doi.org/10.3897/zookeys.475.8556">Brosens D, Breine J, Van Thuyne G, Belpaire C, Desmet P, Verreycken H (2015) VIS – A database on the distribution of fishes in inland and estuarine waters in Flanders, Belgium. ZooKeys 475: 119-145. https://doi.org/10.3897/zookeys.475.8556</citation>
              </bibliography>
              <resourceLogoUrl>https://ipt.inbo.be/logo.do?r=vis-estuarine-monitoring-events</resourceLogoUrl>
        </gbif>
    </metadata>
</additionalMetadata>

</eml:eml>
