<?xml version="1.0" encoding="utf-8"?>
<eml:eml xmlns:eml="eml://ecoinformatics.org/eml-2.1.1" xmlns:xsi="http://www.w3.org/2001/XMLSchema-instance"
         xsi:schemaLocation="eml://ecoinformatics.org/eml-2.1.1 http://rs.gbif.org/schema/eml-gbif-profile/1.1/eml.xsd"
        packageId="70921b14-8ee5-47a0-aea4-679ac21e8196"  system="http://gbif.org" scope="system"
  xml:lang="en">

<dataset>
      <alternateIdentifier>10.15468/djpqaz</alternateIdentifier>
        <alternateIdentifier>https://registry.nbnatlas.org/public/show/dr2019</alternateIdentifier>
        <alternateIdentifier>73b8f4ce-704f-37a5-b28d-22a6631d76a0</alternateIdentifier>
    <title>Collated IRTU Freshwater Surveys</title>
    <creator>
<organizationName>Centre for Environmental Data and Recording</organizationName>    <address>
<deliveryPoint>153 Bangor Road, Cultra,</deliveryPoint><city>Holywood, Co. Down</city><postalCode>BT18 0EU</postalCode><country>UNITED_KINGDOM</country>    </address>
<phone>+ 44 028 9042 8428</phone><electronicMailAddress>cedar.info@nmni.com</electronicMailAddress><onlineUrl>http://nmni.com/cedar</onlineUrl>    </creator>
    <metadataProvider>
<organizationName>Centre for Environmental Data and Recording</organizationName>    <address>
<deliveryPoint>153 Bangor Road, Cultra,</deliveryPoint><city>Holywood, Co. Down</city><postalCode>BT18 0EU</postalCode><country>UNITED_KINGDOM</country>    </address>
<phone>+ 44 028 9042 8428</phone><electronicMailAddress>cedar.info@nmni.com</electronicMailAddress><onlineUrl>http://nmni.com/cedar</onlineUrl>    </metadataProvider>
    <associatedParty>
<organizationName>NBN Atlas</organizationName>    <address>
<deliveryPoint>Unit F, 14 - 18 St Mary&apos;s Gate, Lace Market</deliveryPoint><city>Nottingham</city><administrativeArea>Nottinghamshire</administrativeArea><postalCode>NG1 1PF</postalCode><country>UNITED_KINGDOM</country>    </address>
<electronicMailAddress>admin@nbnatlas.org</electronicMailAddress>    <role>DISTRIBUTOR</role>
    </associatedParty>
      <pubDate>
      2019-09-23
      </pubDate>
    <language>ENGLISH</language>
    <abstract>
        <para>Species  records collected through Water Management Unit, NIEA surveys and commissioned work, using various methodology and sampling techniques appropriate to particular taxon groups and for the purpose of ascertaining the status and distribution of species Northern Ireland.</para>
    </abstract>
      <intellectualRights>
        <para>This work is licensed under a <ulink url="http://creativecommons.org/licenses/by/4.0/legalcode"><citetitle>Creative Commons Attribution (CC-BY) 4.0 License</citetitle></ulink>.</para>
      </intellectualRights>
      <distribution scope="document">
          <online>
              <url function="information">https://registry.nbnatlas.org/public/show/dr2019</url>
          </online>
      </distribution>
      <purpose>
          <para>To understand status and distribution of species with view to species/habitat management</para>
      </purpose>
      <contact>
    <individualName>
<givenName>CEDaR</givenName>          <surName>information</surName>
    </individualName>
<positionName>editor</positionName><electronicMailAddress>cedar.info@nmni.com</electronicMailAddress>      </contact>
      <methods>
            <methodStep>
                <description>
                    <para>Various</para>
                </description>
            </methodStep>
      </methods>

</dataset>

<additionalMetadata>
    <metadata>
      <gbif>
        <dateStamp>2021-03-29T09:38:43Z</dateStamp>
      <citation>Centre for Environmental Data and Recording (2019). Collated IRTU Freshwater Surveys. Occurrence dataset https://doi.org/10.15468/djpqaz accessed via GBIF.org on 2021-03-29.</citation>
              <resourceLogoUrl>https://registry.nbnatlas.org/data/dataProvider/cedar-logo-master-colour-landscape-2014.png</resourceLogoUrl>
        </gbif>
    </metadata>
</additionalMetadata>

</eml:eml>
