<?xml version="1.0" encoding="utf-8"?>
<eml:eml xmlns:eml="eml://ecoinformatics.org/eml-2.1.1" xmlns:xsi="http://www.w3.org/2001/XMLSchema-instance"
         xsi:schemaLocation="eml://ecoinformatics.org/eml-2.1.1 http://rs.gbif.org/schema/eml-gbif-profile/1.1/eml.xsd"
        packageId="7201065d-95ac-4706-bb2b-9fd04209fc8d"  system="http://gbif.org" scope="system"
  xml:lang="en">

<dataset>
      <alternateIdentifier>10.15468/zhubgk</alternateIdentifier>
        <alternateIdentifier>http://www.gbif.jp/ipt/resource.do?r=omnh-miv</alternateIdentifier>
        <alternateIdentifier>7201065d-95ac-4706-bb2b-9fd04209fc8d</alternateIdentifier>
        <alternateIdentifier>14658</alternateIdentifier>
    <title>Marine Invertebrata specimen database of Osaka Museum of Natutal History</title>
    <creator>
    <individualName>
<givenName>So</givenName>          <surName>Ishida</surName>
    </individualName>
<organizationName>Osaka Museum of Natural History</organizationName><positionName>Dr.</positionName>    <address>
<country>JAPAN</country>    </address>
<electronicMailAddress>so@mus-nh.city.osaka.jp</electronicMailAddress>    </creator>
    <metadataProvider>
    <individualName>
<givenName>So</givenName>          <surName>Ishida</surName>
    </individualName>
<organizationName>Osaka Museum of Natural History</organizationName><positionName>Dr.</positionName>    <address>
<country>JAPAN</country>    </address>
<electronicMailAddress>so@mus-nh.city.osaka.jp</electronicMailAddress>    </metadataProvider>
    <associatedParty>
    <individualName>
<givenName>So</givenName>          <surName>Ishida</surName>
    </individualName>
<organizationName>Osaka Museum of Natural History</organizationName><positionName>Dr.</positionName>    <address>
<country>JAPAN</country>    </address>
<electronicMailAddress>so@mus-nh.city.osaka.jp</electronicMailAddress>    <role>USER</role>
    </associatedParty>
      <pubDate>
      2016-06-02
      </pubDate>
    <language>ENGLISH</language>
    <abstract>
        <para>Marine Invertebrata specimen database of Osaka Museum of Natutal History</para>
    </abstract>
        <keywordSet>
              <keyword>Marine Invertebrate</keyword>
              <keywordThesaurus>n/a</keywordThesaurus>
        </keywordSet>
        <keywordSet>
              <keyword>Occurrence</keyword>
              <keywordThesaurus>GBIF Dataset Type Vocabulary: http://rs.gbif.org/vocabulary/gbif/dataset_type.xml</keywordThesaurus>
        </keywordSet>
        <keywordSet>
              <keyword>Specimen</keyword>
              <keywordThesaurus>GBIF Dataset Subtype Vocabulary: http://rs.gbif.org/vocabulary/gbif/dataset_subtype.xml</keywordThesaurus>
        </keywordSet>
      <intellectualRights>
        <para>This work is licensed under a <ulink url="http://creativecommons.org/licenses/by-nc/4.0/legalcode"><citetitle>Creative Commons Attribution Non Commercial (CC-BY-NC) 4.0 License</citetitle></ulink>.</para>
      </intellectualRights>
      <contact>
    <individualName>
<givenName>So</givenName>          <surName>Ishida</surName>
    </individualName>
<organizationName>Osaka Museum of Natural History</organizationName><positionName>Dr.</positionName>    <address>
<country>JAPAN</country>    </address>
<electronicMailAddress>so@mus-nh.city.osaka.jp</electronicMailAddress>      </contact>

</dataset>

<additionalMetadata>
    <metadata>
      <gbif>
        <dateStamp>2021-03-29T09:38:40Z</dateStamp>
      <citation>Ishida S (2016). Marine Invertebrata specimen database of Osaka Museum of Natutal History. National Institute of Genetics, ROIS. Occurrence dataset https://doi.org/10.15468/zhubgk accessed via GBIF.org on 2021-03-29.</citation>
        </gbif>
    </metadata>
</additionalMetadata>

</eml:eml>
