<?xml version="1.0" encoding="utf-8"?>
<eml:eml xmlns:eml="eml://ecoinformatics.org/eml-2.1.1" xmlns:xsi="http://www.w3.org/2001/XMLSchema-instance"
         xsi:schemaLocation="eml://ecoinformatics.org/eml-2.1.1 http://rs.gbif.org/schema/eml-gbif-profile/1.1/eml.xsd"
        packageId="7699d7ee-bcc2-4c67-b0b6-a82d8db4575b"  system="http://gbif.org" scope="system"
  xml:lang="en">

<dataset>
      <alternateIdentifier>10.15468/is8pqb</alternateIdentifier>
        <alternateIdentifier>7699d7ee-bcc2-4c67-b0b6-a82d8db4575b</alternateIdentifier>
        <alternateIdentifier>http://science-net.kahaku.go.jp/ipt2/resource?r=snet-1039-109</alternateIdentifier>
    <title>Gunma Museum of Natural History, Crustacea Specimens</title>
    <creator>
    <individualName>
<givenName>Makoto</givenName>          <surName>Mokeki</surName>
    </individualName>
<organizationName>Gunma Museum of Natural History</organizationName><positionName>Educator</positionName>    <address>
<country>JAPAN</country>    </address>
<electronicMailAddress>moteki@gmnh.pref.gunma.jp</electronicMailAddress>    </creator>
    <metadataProvider>
    <individualName>
<givenName>Yoshikazu</givenName>          <surName>Hasegawa</surName>
    </individualName>
<organizationName>Gunma Museum of Natural History</organizationName><positionName>Director General</positionName>    <address>
<country>JAPAN</country>    </address>
<electronicMailAddress>hasegawa@gmnh.pref.gunma.jp</electronicMailAddress>    </metadataProvider>
      <pubDate>
      2020-03-06
      </pubDate>
    <language>ENGLISH</language>
    <abstract>
        <para>Crustacean specimens deposited at Gunma Museum of Natural History.</para>
    </abstract>
        <keywordSet>
              <keyword>Occurrence</keyword>
              <keywordThesaurus>GBIF Dataset Type Vocabulary: http://rs.gbif.org/vocabulary/gbif/dataset_type.xml</keywordThesaurus>
        </keywordSet>
      <intellectualRights>
        <para>This work is licensed under a <ulink url="http://creativecommons.org/licenses/by/4.0/legalcode"><citetitle>Creative Commons Attribution (CC-BY) 4.0 License</citetitle></ulink>.</para>
      </intellectualRights>
      <distribution scope="document">
          <online>
              <url function="information">http://www.gmnh.pref.gunma.jp/</url>
          </online>
      </distribution>
      <maintenance>
          <description>
              <para></para>
          </description>
          <maintenanceUpdateFrequency>unkown</maintenanceUpdateFrequency>
      </maintenance>
      <contact>
    <individualName>
<givenName>Yoshikazu</givenName>          <surName>Hasegawa</surName>
    </individualName>
<organizationName>Gunma Museum of Natural History</organizationName><positionName>Director General</positionName>    <address>
<country>JAPAN</country>    </address>
<electronicMailAddress>hasegawa@gmnh.pref.gunma.jp</electronicMailAddress><onlineUrl>http://www.gmnh.pref.gunma.jp/</onlineUrl>      </contact>

</dataset>

<additionalMetadata>
    <metadata>
      <gbif>
        <dateStamp>2021-03-29T09:38:43Z</dateStamp>
      <citation>Mokeki M, Hasegawa Y (2020). Gunma Museum of Natural History, Crustacea Specimens. Version 1.1. National Museum of Nature and Science, Japan. Occurrence dataset https://doi.org/10.15468/is8pqb accessed via GBIF.org on 2021-03-29.</citation>
        </gbif>
    </metadata>
</additionalMetadata>

</eml:eml>
