<?xml version="1.0" encoding="utf-8"?>
<eml:eml xmlns:eml="eml://ecoinformatics.org/eml-2.1.1" xmlns:xsi="http://www.w3.org/2001/XMLSchema-instance"
         xsi:schemaLocation="eml://ecoinformatics.org/eml-2.1.1 http://rs.gbif.org/schema/eml-gbif-profile/1.1/eml.xsd"
        packageId="823dc56e-f987-495c-98bf-43318719e30f"  system="http://gbif.org" scope="system"
  xml:lang="en">

<dataset>
      <alternateIdentifier>10.15468/gzyxyd</alternateIdentifier>
        <alternateIdentifier>https://ipt.inbo.be/resource?r=vis-inland-occurrences</alternateIdentifier>
        <alternateIdentifier>http://data.inbo.be/ipt/resource?r=vis-inland-occurrences</alternateIdentifier>
        <alternateIdentifier>http://data.inbo.be/ipt/resource.do?r=vis-inland-occurrences</alternateIdentifier>
        <alternateIdentifier>823dc56e-f987-495c-98bf-43318719e30f</alternateIdentifier>
    <title>VIS - Fishes in inland waters in Flanders, Belgium</title>
    <creator>
    <individualName>
<givenName>Gerlinde</givenName>          <surName>Van Thuyne</surName>
    </individualName>
<organizationName>Research Institute for Nature and Forest (INBO)</organizationName><positionName>Researcher</positionName>    <address>
<deliveryPoint>Duboislaan 14</deliveryPoint><city>Groenendaal</city><administrativeArea>Brussels Capital Region</administrativeArea><postalCode>1560</postalCode><country>BELGIUM</country>    </address>
<electronicMailAddress>gerlinde.vanthuyne@inbo.be</electronicMailAddress>    </creator>
    <creator>
    <individualName>
<givenName>Jan</givenName>          <surName>Breine</surName>
    </individualName>
<organizationName>Research Institute for Nature and Forest (INBO)</organizationName><positionName>Researcher</positionName>    <address>
<deliveryPoint>Duboislaan 14</deliveryPoint><city>Groenendaal</city><administrativeArea>Brussels Capital Region</administrativeArea><postalCode>1560</postalCode><country>BELGIUM</country>    </address>
<electronicMailAddress>jan.breine@inbo.be</electronicMailAddress>    </creator>
    <creator>
    <individualName>
<givenName>Hugo</givenName>          <surName>Verreycken</surName>
    </individualName>
<organizationName>Research Institute for Nature and Forest (INBO)</organizationName><positionName>Researcher</positionName>    <address>
<deliveryPoint>Duboislaan 14</deliveryPoint><city>Groenendaal</city><administrativeArea>Brussels Capital Region</administrativeArea><postalCode>1560</postalCode><country>BELGIUM</country>    </address>
<electronicMailAddress>hugo.verreycken@inbo.be</electronicMailAddress>      <userId directory="http://www.researcherid.com/rid/">B-2593-2010</userId>
    </creator>
    <creator>
    <individualName>
<givenName>Tom</givenName>          <surName>De Boeck</surName>
    </individualName>
<organizationName>Research Institute for Nature and Forest (INBO)</organizationName><positionName>Developer</positionName>    <address>
<deliveryPoint>Kliniekstraat 25</deliveryPoint><city>Brussels</city><administrativeArea>Brussels Capital Region</administrativeArea><postalCode>1070</postalCode><country>BELGIUM</country>    </address>
<electronicMailAddress>tom.deboeck@inbo.be</electronicMailAddress>    </creator>
    <creator>
    <individualName>
<givenName>Dimitri</givenName>          <surName>Brosens</surName>
    </individualName>
<organizationName>Research Institute for Nature and Forest (INBO)</organizationName><positionName>Data liaison officer</positionName>    <address>
<deliveryPoint>Kliniekstraat 25</deliveryPoint><city>Brussels</city><administrativeArea>Brussels Capital Region</administrativeArea><postalCode>1070</postalCode><country>BELGIUM</country>    </address>
<electronicMailAddress>dimitri.brosens@inbo.be</electronicMailAddress><onlineUrl>http://www.biodiversity.be</onlineUrl>      <userId directory="http://orcid.org/">0000-0002-0846-9116</userId>
    </creator>
    <creator>
    <individualName>
<givenName>Peter</givenName>          <surName>Desmet</surName>
    </individualName>
<organizationName>Research Institute for Nature and Forest (INBO)</organizationName><positionName>Data lab coordinator</positionName>    <address>
<deliveryPoint>Kliniekstraat 25</deliveryPoint><city>Brussels</city><administrativeArea>Brussels Capital Region</administrativeArea><postalCode>1070</postalCode><country>BELGIUM</country>    </address>
<electronicMailAddress>peter.desmet@inbo.be</electronicMailAddress><onlineUrl>http://lifewatch.inbo.be</onlineUrl>      <userId directory="http://orcid.org/">0000-0002-8442-8025</userId>
    </creator>
    <metadataProvider>
    <individualName>
<givenName>Gerlinde</givenName>          <surName>Van Thuyne</surName>
    </individualName>
<organizationName>Research Institute for Nature and Forest (INBO)</organizationName><positionName>Researcher</positionName>    <address>
<deliveryPoint>Duboislaan 14</deliveryPoint><city>Groenendaal</city><administrativeArea>Brussels Capital Region</administrativeArea><postalCode>1560</postalCode><country>BELGIUM</country>    </address>
<electronicMailAddress>gerlinde.vanthuyne@inbo.be</electronicMailAddress>    </metadataProvider>
    <metadataProvider>
    <individualName>
<givenName>Dimitri</givenName>          <surName>Brosens</surName>
    </individualName>
<organizationName>Research Institute for Nature and Forest (INBO)</organizationName><positionName>Data liaison officer</positionName>    <address>
<deliveryPoint>Kliniekstraat 25</deliveryPoint><city>Brussels</city><administrativeArea>Brussels Capital Region</administrativeArea><postalCode>1070</postalCode><country>BELGIUM</country>    </address>
<electronicMailAddress>dimitri.brosens@inbo.be</electronicMailAddress><onlineUrl>http://www.biodiversity.be</onlineUrl>      <userId directory="http://orcid.org/">0000-0002-0846-9116</userId>
    </metadataProvider>
    <metadataProvider>
    <individualName>
<givenName>Peter</givenName>          <surName>Desmet</surName>
    </individualName>
<organizationName>Research Institute for Nature and Forest (INBO)</organizationName><positionName>Data lab coordinator</positionName>    <address>
<deliveryPoint>Kliniekstraat 25</deliveryPoint><city>Brussels</city><administrativeArea>Brussels Capital Region</administrativeArea><postalCode>1070</postalCode><country>BELGIUM</country>    </address>
<electronicMailAddress>peter.desmet@inbo.be</electronicMailAddress><onlineUrl>http://lifewatch.inbo.be</onlineUrl>      <userId directory="http://orcid.org/">0000-0002-8442-8025</userId>
    </metadataProvider>
      <pubDate>
      2021-03-12
      </pubDate>
    <language>ENGLISH</language>
    <abstract>
        <para>&lt;p&gt;VIS - Fishes in inland waters in Flanders, Belgium is a species occurrence dataset published by the Research Institute for Nature and Forest (INBO) and described in Brosens et al. 2015 (https://doi.org/10.3897/zookeys.475.8556). The dataset contains over 350,000 fish occurrences sampled between 1992 and 2012 from over 2,000 locations in inland rivers, streams, canals, and enclosed waters in Flanders, Belgium. The dataset includes over 64 fish species, as well as a number of non-target species (mainly crustaceans). The data are retrieved from the Fish Information System (VIS), a database set up to monitor the status of fishes and their habitats in Flanders and are collected in support of the Water Framework Directive, the Habitat Directive, certain red lists, and biodiversity research. Additional information, such as measurements, absence information and abiotic data are available upon request. Issues with the dataset can be reported at https://github.com/LifeWatchINBO/data-publication/tree/master/datasets/vis-inland-occurrences&lt;/p&gt;
&lt;p&gt;Length and weight measurement data of the individual fishes, absence information, occurrence data since 2013, as well as abiotic data of the sampling points (pH, temperature, etc.) are not included in the Darwin Core Archive and are available upon request.&lt;/p&gt;
&lt;p&gt;To allow anyone to use this dataset, we have released the data to the public domain under a Creative Commons Zero waiver (http://creativecommons.org/publicdomain/zero/1.0/). We would appreciate however, if you read and follow these norms for data use (http://www.inbo.be/en/norms-for-data-use) and provide a link to the original dataset (https://doi.org/10.15468/gzyxyd) whenever possible. If you use these data for a scientific paper, please cite the dataset following the applicable citation norms and/or consider us for co-authorship. We are always interested to know how you have used or visualized the data, or to provide more information, so please contact us via the contact information provided in the metadata, opendata&amp;#64;inbo.be or https://twitter.com/LifeWatchINBO.&lt;/p&gt;</para>
    </abstract>
        <keywordSet>
              <keyword>Occurrence</keyword>
              <keywordThesaurus>GBIF Dataset Type Vocabulary: http://rs.gbif.org/vocabulary/gbif/dataset_type.xml</keywordThesaurus>
        </keywordSet>
        <keywordSet>
              <keyword>Observation</keyword>
              <keywordThesaurus>GBIF Dataset Subtype Vocabulary: http://rs.gbif.org/vocabulary/gbif/dataset_subtype.xml</keywordThesaurus>
        </keywordSet>
        <keywordSet>
              <keyword>ecosystem functioning</keyword>
              <keyword>fish-based index of biotic integrity</keyword>
              <keyword>River Yser</keyword>
              <keyword>fish distribution</keyword>
              <keyword>LifeWatch</keyword>
              <keyword>freshwater</keyword>
              <keyword>River Meuse</keyword>
              <keyword>open data</keyword>
              <keyword>River Scheldt</keyword>
              <keywordThesaurus>n/a</keywordThesaurus>
        </keywordSet>
        <keywordSet>
              <keyword>Occurrence</keyword>
              <keywordThesaurus>GBIF Dataset Type Vocabulary: http://rs.gbif.org/vocabulary/gbif/dataset_type_2015-07-10.xml</keywordThesaurus>
        </keywordSet>
      <intellectualRights>
        <para>To the extent possible under law, the publisher has waived all rights to these data and has dedicated them to the <ulink url="http://creativecommons.org/publicdomain/zero/1.0/legalcode"><citetitle>Public Domain (CC0 1.0)</citetitle></ulink>. Users may copy, modify, distribute and use the work, including for commercial purposes, without restriction.</para>
      </intellectualRights>
      <distribution scope="document">
          <online>
              <url function="information">http://vis.milieuinfo.be</url>
          </online>
      </distribution>
      <coverage>
            <geographicCoverage>
                  <geographicDescription>Flanders is one of the three administrative regions in the country of Belgium, located in the centre of Western Europe. The Flemish region is situated in the north of the country and covers an area of 13,522 km² (44,29% of Belgium). Belgium has a temperate maritime climate that is influenced by the North Sea and the Atlantic Ocean with substantial precipitation in all seasons. The summers are moderate and the winters are mild. The two main geographical regions of Flanders are the coastal plain in the North-West and the Central plain, further inland. With 470 inhabitants/km², Flanders is one of the most densely populated areas of Europe. The three major rivers are the River Yser, the River Scheldt, and the River Meuse. All rivers in Flanders flow into the North Sea, but only the River Yser drains directly into the sea within the jurisdiction of Flanders.

The dataset comprises enclosed waters, including cut off river arms, gravel pits, ponds, natural lakes, and artificial lakes; and riverine habitats, including head streams, tributaries, and canals part of the drainage basins of the rivers Yser, Scheldt and Meuse. These three drainage basins are divided into eleven Flemish river catchments, which are divided into 102 subbasins. Overall, there are 48 unique enclosed waters sampled at 792 locations and 419 streams and rivers sampled at 1,452 locations.</geographicDescription>
                  <boundingCoordinates>
                      <westBoundingCoordinate>2.54</westBoundingCoordinate>
                      <eastBoundingCoordinate>5.92</eastBoundingCoordinate>
                      <northBoundingCoordinate>51.51</northBoundingCoordinate>
                      <southBoundingCoordinate>50.68</southBoundingCoordinate>
                  </boundingCoordinates>
            </geographicCoverage>
          <temporalCoverage>
            <rangeOfDates>
              <beginDate>
                <calendarDate>      1992-12-15
</calendarDate>
              </beginDate>
              <endDate>
                <calendarDate>      2012-11-27
</calendarDate>
              </endDate>
            </rangeOfDates>
          </temporalCoverage>
              <taxonomicCoverage>
                    <generalTaxonomicCoverage>The dataset contains 64 fish species reported from Flemish enclosed waters and watercourses, as well as a number of non-target species (mainly crustaceans). This dataset also includes a number of typical brackish water fish species which sometimes can be found in inland water sites in proximity to the sea and/or behind the sluice gates. The class of Actinopterygii is best represented (63 species), along with one Petromyzontida (Lampetra planeri) and 7 crustaceans from the order Decapoda.</generalTaxonomicCoverage>
                    <taxonomicClassification>
                          <taxonRankName>Kingdom</taxonRankName>
                        <taxonRankValue>Animalia</taxonRankValue>
                          <commonName>animals</commonName>
                    </taxonomicClassification>
                    <taxonomicClassification>
                          <taxonRankName>Class</taxonRankName>
                        <taxonRankValue>Actinopterygii</taxonRankValue>
                          <commonName>ray-finned fishes</commonName>
                    </taxonomicClassification>
                    <taxonomicClassification>
                          <taxonRankName>Class</taxonRankName>
                        <taxonRankValue>Petromyzontida</taxonRankValue>
                    </taxonomicClassification>
                    <taxonomicClassification>
                          <taxonRankName>Class</taxonRankName>
                        <taxonRankValue>Malacostraca</taxonRankValue>
                    </taxonomicClassification>
                    <taxonomicClassification>
                          <taxonRankName>Family</taxonRankName>
                        <taxonRankValue>Anguillidae</taxonRankValue>
                    </taxonomicClassification>
                    <taxonomicClassification>
                          <taxonRankName>Family</taxonRankName>
                        <taxonRankValue>Atherinidae</taxonRankValue>
                    </taxonomicClassification>
                    <taxonomicClassification>
                          <taxonRankName>Family</taxonRankName>
                        <taxonRankValue>Centrarchidae</taxonRankValue>
                    </taxonomicClassification>
                    <taxonomicClassification>
                          <taxonRankName>Family</taxonRankName>
                        <taxonRankValue>Clariidae</taxonRankValue>
                    </taxonomicClassification>
                    <taxonomicClassification>
                          <taxonRankName>Family</taxonRankName>
                        <taxonRankValue>Clupeidae</taxonRankValue>
                    </taxonomicClassification>
                    <taxonomicClassification>
                          <taxonRankName>Family</taxonRankName>
                        <taxonRankValue>Cobitidae</taxonRankValue>
                    </taxonomicClassification>
                    <taxonomicClassification>
                          <taxonRankName>Family</taxonRankName>
                        <taxonRankValue>Cottidae</taxonRankValue>
                    </taxonomicClassification>
                    <taxonomicClassification>
                          <taxonRankName>Family</taxonRankName>
                        <taxonRankValue>Cyprinidae</taxonRankValue>
                    </taxonomicClassification>
                    <taxonomicClassification>
                          <taxonRankName>Family</taxonRankName>
                        <taxonRankValue>Esocidae</taxonRankValue>
                    </taxonomicClassification>
                    <taxonomicClassification>
                          <taxonRankName>Family</taxonRankName>
                        <taxonRankValue>Gadidae</taxonRankValue>
                    </taxonomicClassification>
                    <taxonomicClassification>
                          <taxonRankName>Family</taxonRankName>
                        <taxonRankValue>Gasterosteidae</taxonRankValue>
                    </taxonomicClassification>
                    <taxonomicClassification>
                          <taxonRankName>Family</taxonRankName>
                        <taxonRankValue>Gobiidae</taxonRankValue>
                    </taxonomicClassification>
                    <taxonomicClassification>
                          <taxonRankName>Family</taxonRankName>
                        <taxonRankValue>Ictaluridae</taxonRankValue>
                    </taxonomicClassification>
                    <taxonomicClassification>
                          <taxonRankName>Family</taxonRankName>
                        <taxonRankValue>Lotidae</taxonRankValue>
                    </taxonomicClassification>
                    <taxonomicClassification>
                          <taxonRankName>Family</taxonRankName>
                        <taxonRankValue>Moronidae</taxonRankValue>
                    </taxonomicClassification>
                    <taxonomicClassification>
                          <taxonRankName>Family</taxonRankName>
                        <taxonRankValue>Mugilidae</taxonRankValue>
                    </taxonomicClassification>
                    <taxonomicClassification>
                          <taxonRankName>Family</taxonRankName>
                        <taxonRankValue>Nemacheilidae</taxonRankValue>
                    </taxonomicClassification>
                    <taxonomicClassification>
                          <taxonRankName>Family</taxonRankName>
                        <taxonRankValue>Osmeridae</taxonRankValue>
                    </taxonomicClassification>
                    <taxonomicClassification>
                          <taxonRankName>Family</taxonRankName>
                        <taxonRankValue>Percidae</taxonRankValue>
                    </taxonomicClassification>
                    <taxonomicClassification>
                          <taxonRankName>Family</taxonRankName>
                        <taxonRankValue>Percidae</taxonRankValue>
                    </taxonomicClassification>
                    <taxonomicClassification>
                          <taxonRankName>Family</taxonRankName>
                        <taxonRankValue>Pleuronectidae</taxonRankValue>
                    </taxonomicClassification>
                    <taxonomicClassification>
                          <taxonRankName>Family</taxonRankName>
                        <taxonRankValue>Salmonidae</taxonRankValue>
                    </taxonomicClassification>
                    <taxonomicClassification>
                          <taxonRankName>Family</taxonRankName>
                        <taxonRankValue>Scophthalmidae</taxonRankValue>
                    </taxonomicClassification>
                    <taxonomicClassification>
                          <taxonRankName>Family</taxonRankName>
                        <taxonRankValue>Siluridae</taxonRankValue>
                    </taxonomicClassification>
                    <taxonomicClassification>
                          <taxonRankName>Family</taxonRankName>
                        <taxonRankValue>Soleidae</taxonRankValue>
                    </taxonomicClassification>
                    <taxonomicClassification>
                          <taxonRankName>Family</taxonRankName>
                        <taxonRankValue>Umbridae</taxonRankValue>
                    </taxonomicClassification>
                    <taxonomicClassification>
                          <taxonRankName>Family</taxonRankName>
                        <taxonRankValue>Petromyzontidae</taxonRankValue>
                    </taxonomicClassification>
                    <taxonomicClassification>
                          <taxonRankName>Family</taxonRankName>
                        <taxonRankValue>Atyidae</taxonRankValue>
                    </taxonomicClassification>
                    <taxonomicClassification>
                          <taxonRankName>Family</taxonRankName>
                        <taxonRankValue>Cambaridae</taxonRankValue>
                    </taxonomicClassification>
                    <taxonomicClassification>
                          <taxonRankName>Family</taxonRankName>
                        <taxonRankValue>Palaemonidae</taxonRankValue>
                    </taxonomicClassification>
                    <taxonomicClassification>
                          <taxonRankName>Family</taxonRankName>
                        <taxonRankValue>Varunidae</taxonRankValue>
                    </taxonomicClassification>
              </taxonomicCoverage>
      </coverage>
      <purpose>
          <para>The Fish Information System or VIS (http://vis.milieuinfo.be) is a database created by the Research Institute for Nature and Forest (INBO) which is used to monitor the status of fishes and their habitats in Flanders, Belgium and to calculate the biotic integrity (Karr 1981, Belpaire et al. 2000, Breine et al. 2004, 2007, 2010) of fish assemblages. It contains data regarding occurrences, individual morphometrics, stocks, pollutants, indices, and non-native fish species. Sampling has been going on since 1992, the database model was designed in 1994 (Verbiest et al. 1994), the first database developed in 1996 (Verbiest et al. 1996), and the consolidated database set up in 2001. VIS is used for supporting NATURA 2000, an ecological network of protected areas in Europe and to calculate the EQR (Ecological Quality Ratio) in the framework of the EU Water Directive (Directive 2000/60/EC). Further, the database provides updated information for Flemish Red Lists of fishes and lampreys (Verreycken et al. 2014) and on the distribution status of non-native and invasive fish species. The data are also crucial in fish stock management and for reporting on the status of the European eel stock as required by the Eel Regulation (Council Regulation (EC) N° 1100/2007). This dataset is a standardized extraction of all inland water species occurrences from VIS.</para>
      </purpose>
      <maintenance>
          <description>
              <para></para>
          </description>
          <maintenanceUpdateFrequency>notPlanned</maintenanceUpdateFrequency>
      </maintenance>
      <contact>
    <individualName>
<givenName>Gerlinde</givenName>          <surName>Van Thuyne</surName>
    </individualName>
<organizationName>Research Institute for Nature and Forest (INBO)</organizationName><positionName>Researcher</positionName>    <address>
<deliveryPoint>Duboislaan 14</deliveryPoint><city>Groenendaal</city><administrativeArea>Brussels Capital Region</administrativeArea><postalCode>1560</postalCode><country>BELGIUM</country>    </address>
<electronicMailAddress>gerlinde.vanthuyne@inbo.be</electronicMailAddress>      </contact>
      <methods>
            <methodStep>
                <description>
                    <para>Water type: Running freshwaters (width: 1.5 m, depth: &lt; 1.30 m)
Method: electrofishing with 1 anode by wading
Effort: 100 m</para>
                </description>
            </methodStep>
            <methodStep>
                <description>
                    <para>Water type: Running freshwaters (width: 6 m, depth: &lt; 1.30 m)
Method: electrofishing with 2 anodes by wading
Effort: 100 m</para>
                </description>
            </methodStep>
            <methodStep>
                <description>
                    <para>Water type: Running freshwaters (width: &gt; 6 m, depth: &lt; 1.30 m)
Method: electrofishing with 2 anodes by wading
Effort: 250 m with 1 anode on each riverbank, 2 m from bank</para>
                </description>
            </methodStep>
            <methodStep>
                <description>
                    <para>Water type: Running freshwaters, streaming rivers (width: &gt; 6m, depth: &gt; 1.30 m)
Method: electrofishing with 2 anodes by boat
Effort: 250 m with 2 anodes on each riverbank, 2 m from bank</para>
                </description>
            </methodStep>
            <methodStep>
                <description>
                    <para>Water type: Canals, slowly running rivers (width: &gt; 6 m, depth: &gt; 1.30 m)
Method: electrofishing with 2 anodes by boat AND 2 fykes
Effort: 250 m with 2 anodes on each riverbank, 2 m from bank AND 1 fyke for 48 hours parallel with and on both riverbanks</para>
                </description>
            </methodStep>
            <methodStep>
                <description>
                    <para>Water type: Canalized rivers with too high conductivity for electrofishing (depth: &lt; 1.30 m)
Method: seine netting
Effort: 100 m, two times complete seine netting</para>
                </description>
            </methodStep>
            <methodStep>
                <description>
                    <para>Water type: Lakes
Method: electric fishing AND fykes
Effort: 15% of riverbank (minimum 1000 m, maximum 2000 m) or 100% if perimeter is less than 1000 m AND 1 fyke/hectare (minimum 4, maximum 20 fykes)</para>
                </description>
            </methodStep>
            <sampling>
                <studyExtent>
                    <description>
                        <para>Over 2,000 locations in estuaries, inland rivers, streams, canals, and enclosed waters in Flanders, Belgium have been sampled, from March to November, since 1992. In 2001, these locations were consolidated in a monitoring network (“VISmeetnet”) of 900 sampling points. The geographic coordinates in the dataset are those of the defined sampling locations (dwc:locationID). However, as these coordinates are not always exact the actual coordinates of the catch, which may be located further up- or downriver, the coordinate uncertainty (dwc:coordinateUncertaintyInMeters) has been set to 250 meter.</para>
                    </description>
                </studyExtent>
                <samplingDescription>
                    <para>Standardized sampling methods were used as described in Belpaire et al. (2000) and Van Thuyne &amp; Breine (2010) and are specified in the dataset as dwc:samplingProtocol. Per water body, the same method was used for each sampling event. The default method is electric fishing, but additional techniques such as gill nets, fykes, and seine netting (variable sizes) were used as well. Electric fishing was carried out using a 5 kW generator with an adjustable output voltage of 300–500 V and a pulse frequency of 480 Hz. The number of electric fishing devices and hand-held anodes used depends on the river width (Belpaire et al. 2000). In riverine environments, electric fishing was carried out on both riverbanks in upstream direction. All fishes were identified to species level, counted, and their length and weight was measured (measurement data available upon request).</para>
                </samplingDescription>
            </sampling>
            <qualityControl>
                <description>
                    <para>Strict field protocols where used. The Manual for Application of the European Fish Index (EFI) (Fame consortium 2004) served as a guideline for electrofishing and was used in support of the EU water framework directive.</para>
                </description>
            </qualityControl>
      </methods>

</dataset>

<additionalMetadata>
    <metadata>
      <gbif>
        <dateStamp>2021-03-29T09:38:51Z</dateStamp>
      <citation identifier="https://doi.org/10.15468/gzyxyd">Van Thuyne G, Breine J, Verreycken H, De Boeck T, Brosens D, Desmet P (2021). VIS - Fishes in inland waters in Flanders, Belgium. Version 9.6. Research Institute for Nature and Forest (INBO). Occurrence dataset https://doi.org/10.15468/gzyxyd accessed via GBIF.org on 2021-03-29.</citation>
              <bibliography>
      <citation identifier="https://doi.org/10.3897/zookeys.475.8556">Brosens D, Breine J, Van Thuyne G, Belpaire C, Desmet P, Verreycken H (2015) VIS – A database on the distribution of fishes in inland and estuarine waters in Flanders, Belgium. ZooKeys 475: 119-145. https://doi.org/10.3897/zookeys.475.8556</citation>
      <citation identifier="https://doi.org/10.1023/A:1004026121254">Belpaire C, Smolders R, Vanden Auweele I, Erecken D, Breine J, Van Thuyne G, Ollevier F (2000) An Index of Biotic Integrity characterizing fish populations and the ecological quality of Flandrian water bodies. Hydrobiologia 434: 17–33. https://doi.org/10.1023/A:1004026121254</citation>
      <citation identifier="https://doi.org/10.1023/B:HYDR.0000029991.42922.a4">Breine J, Simoens I, Goethals P, Quataert P, Ercken D, Van Liefferinghe C, Belpaire C (2004) A fish-based index of biotic integrity for upstream brooks in Flanders (Belgium). Hydrobiologia 522: 133–148. https://doi.org/10.1023/B:HYDR.0000029991.42922.a4</citation>
      <citation identifier="https://doi.org/10.1007/s10750-006-0357-z">Breine J, Maes J, Quataert P, Van den Bergh E, Simoens I, Van Thuyne G, Belpaire C (2007) A fish-based assessment tool for the ecological quality of the brackish Schelde estuary in Flanders (Belgium). Hydrobiologia 575: 141–159. https://doi.org/10.1007/s10750-006-0357-z</citation>
      <citation>Breine J, Quataert P, Stevens M, Ollevier F, Volckaert FAM, Van den Bergh E, Maes J (2010) A zone-specific fish-based biotic index as a management tool for the Zeeschelde estuary (Belgium). Marine Pollution bulletin 60: 1099–1112.</citation>
      <citation>European Commission (2007) Council Regulation (EC) No 1100/2007 of 18 September 2007 establishing measures for the recovery of the stock of European eel. Official Journal of the European Union 22.9.2007 L 248: 17–23.</citation>
      <citation>EU Water Framework Directive (2000) Directive 2000/60/EC of the European Parliament and of the Council of 23 October 2000 establishing a framework for Community action in the field of water policy. Official Journal 22/12/2000 L 327: 0001–0073.</citation>
      <citation>FAME Consortium (2004) Manual for the application of the European Fish Index - EFI. A fish-based method to assess the ecological status of European rivers in support of the Water Framework Directive. Version 1.1, January 2005.</citation>
      <citation identifier="https://doi.org/10.1577/1548-8446(1981)006%3C0021:AOBIUF%3E2.0.CO;2">Karr JR (1981) Assessment of biotic integrity using fish communities. Fisheries 6: 21–27. https://doi.org/10.1577/1548-8446(1981)006%3C0021:AOBIUF%3E2.0.CO;2</citation>
      <citation>Van Thuyne G, Breine J (2010) Visbestandopnames in Vlaamse beken en rivieren in het kader van het ‘Meetnet Zoetwatervis’ 2009. Rapporten van het Instituut voor Natuur- en Bosonderzoek, 2010 (42). INBO, Brussel, 196 pp..</citation>
      <citation>Verbiest H, Belpaire C, Vandenabeele P, Ollevier F (1996) Het in werking stellen van de visdatabank met de nadruk op de gebruiksvriendelijkheid ervan IBW.Wb.V.R.96.042.</citation>
      <citation>Verbiest H, Vandenabeele P, Belpaire C, Ollevier F (1994) Ontwerp van de visdatabank en implementatie van historische en recente gegevens IBW.Wb.V.R.94.029.</citation>
      <citation identifier="https://doi.org/10.1111/fme.12052">Verreycken H, Belpaire C, Van Thuyne G, Breine J, Buysse D, Coeck J, Mouton A, Stevens M, Van den Neucker T, De Bruyn L, Maes D (2014) IUCN Red List of freshwater fishes and lampreys in Flanders (north Belgium). Fisheries Management and Ecology 21: 122–132. https://doi.org/10.1111/fme.12052</citation>
              </bibliography>
              <resourceLogoUrl>https://ipt.inbo.be/logo.do?r=vis-inland-occurrences</resourceLogoUrl>
        </gbif>
    </metadata>
</additionalMetadata>

</eml:eml>
