<?xml version="1.0" encoding="utf-8"?>
<eml:eml xmlns:eml="eml://ecoinformatics.org/eml-2.1.1" xmlns:xsi="http://www.w3.org/2001/XMLSchema-instance"
         xsi:schemaLocation="eml://ecoinformatics.org/eml-2.1.1 http://rs.gbif.org/schema/eml-gbif-profile/1.1/eml.xsd"
        packageId="85703434-f762-11e1-a439-00145eb45e9a"  system="http://gbif.org" scope="system"
  xml:lang="en">

<dataset>
      <alternateIdentifier>10.15468/dd7wi7</alternateIdentifier>
        <alternateIdentifier>1094</alternateIdentifier>
    <title>GEO Biodiversity Day</title>
    <associatedParty>
    <individualName>
          <surName>Botanic Garden and Botanical Museum Berlin-Dahlem</surName>
    </individualName>
    <address>
<deliveryPoint>Königin Luise Str. 6-8, D-14195 Berlin, Germany</deliveryPoint>    </address>
<electronicMailAddress>biodiversitydata@bgbm.org</electronicMailAddress>    <role>TECHNICAL_POINT_OF_CONTACT</role>
    </associatedParty>
    <language>en</language>
    <abstract>
        <para>Database compiled in the course of the GEO Biodiversity Day on June 10/11 2005 containing observations made within a 24 hour period in the Tiergarten, Berlin. The aim is to register all existing species in this area.</para>
    </abstract>
      <intellectualRights>
        <para>This work is licensed under a <ulink url="http://creativecommons.org/licenses/by/4.0/legalcode"><citetitle>Creative Commons Attribution (CC-BY) 4.0 License</citetitle></ulink>.</para>
      </intellectualRights>
      <contact>
    <individualName>
          <surName>Botanic Garden and Botanical Museum Berlin-Dahlem</surName>
    </individualName>
    <address>
<deliveryPoint>Königin-Luise-Str. 6-8, 14195 Berlin, Germany</deliveryPoint>    </address>
<electronicMailAddress>biodiversitydata@bgbm.org</electronicMailAddress>      </contact>

</dataset>

<additionalMetadata>
    <metadata>
      <gbif>
        <dateStamp>2021-03-29T09:38:24Z</dateStamp>
      <citation>Botanic Garden and Botanical Museum Berlin. GEO Biodiversity Day. Occurrence dataset https://doi.org/10.15468/dd7wi7 accessed via GBIF.org on 2021-03-29.</citation>
        </gbif>
    </metadata>
</additionalMetadata>

</eml:eml>
