<?xml version="1.0" encoding="utf-8"?>
<eml:eml xmlns:eml="eml://ecoinformatics.org/eml-2.1.1" xmlns:xsi="http://www.w3.org/2001/XMLSchema-instance"
         xsi:schemaLocation="eml://ecoinformatics.org/eml-2.1.1 http://rs.gbif.org/schema/eml-gbif-profile/1.1/eml.xsd"
        packageId="85a3c886-3312-45c9-b040-4d7634653246"  system="http://gbif.org" scope="system"
  xml:lang="en">

<dataset>
      <alternateIdentifier>10.15468/jtdrhm</alternateIdentifier>
        <alternateIdentifier>http://doi.org/10.15468/jtdrhm</alternateIdentifier>
        <alternateIdentifier>85a3c886-3312-45c9-b040-4d7634653246</alternateIdentifier>
        <alternateIdentifier>http://ipt.gbif.pt/ipt/resource?r=edp_tua_arthropoda_eia</alternateIdentifier>
    <title>EDP Foz Tua: Arthropoda – Environmental Impact Assessment [2006-2008]</title>
    <creator>
    <individualName>
<givenName>Pedro</givenName>          <surName>Beja</surName>
    </individualName>
<organizationName>CIBIO-InBIO, Centro de Investigação em Biodiversidade e Recursos Genéticos, Universidade do Porto</organizationName><positionName>Researcher</positionName>    <address>
<deliveryPoint>Campus Agrário de Vairão</deliveryPoint><city>Vairão</city><postalCode>4485-661 Vairão</postalCode><country>PORTUGAL</country>    </address>
<phone>+351 252660411</phone><electronicMailAddress>pbeja@cibio.up.pt</electronicMailAddress>      <userId directory="http://orcid.org/">0000-0001-8164-0760</userId>
    </creator>
    <creator>
    <individualName>
<givenName>Rui</givenName>          <surName>Figueira</surName>
    </individualName>
<organizationName>Instituto Superior de Agronomia</organizationName><positionName>Researcher</positionName>    <address>
<deliveryPoint>Tapada da Ajuda</deliveryPoint><city>Lisbon</city><postalCode>1349-017 Lisboa</postalCode><country>PORTUGAL</country>    </address>
<phone>+351 213653165</phone><electronicMailAddress>ruifigueira@isa.ulisboa.pt</electronicMailAddress>      <userId directory="http://www.researcherid.com/rid/">C-4977-2009</userId>
    </creator>
    <metadataProvider>
    <individualName>
<givenName>Martin</givenName>          <surName>Corley</surName>
    </individualName>
<organizationName>CIBIO-InBIO, Centro de Investigação em Biodiversidade e Recursos Genéticos, Universidade do Porto</organizationName><positionName>Researcher</positionName>    <address>
<deliveryPoint>Campus Agrário de Vairão</deliveryPoint><city>Vairão</city><postalCode>4485-661 Vairão</postalCode><country>PORTUGAL</country>    </address>
<electronicMailAddress>martin.corley@btinternet.com</electronicMailAddress>    </metadataProvider>
    <metadataProvider>
    <individualName>
<givenName>José Manuel</givenName>          <surName>Grosso-Silva</surName>
    </individualName>
<organizationName>Museu de História Natural e da Ciência, Universidade do Porto</organizationName><positionName>Researcher</positionName>    <address>
<deliveryPoint>Praça Gomes Teixeira</deliveryPoint><city>Porto</city><postalCode>4099-002 Porto</postalCode><country>PORTUGAL</country>    </address>
<electronicMailAddress>jmgrossosilva@gmail.com</electronicMailAddress><onlineUrl>https://www.researchgate.net/profile/Jose_Manuel_Grosso-Silva</onlineUrl>    </metadataProvider>
    <metadataProvider>
    <individualName>
<givenName>Sónia</givenName>          <surName>Ferreira</surName>
    </individualName>
<organizationName>CIBIO-InBIO, Centro de Investigação em Biodiversidade e Recursos Genéticos, Universidade do Porto</organizationName><positionName>Researcher</positionName>    <address>
<deliveryPoint>Campus Agrário de Vairão</deliveryPoint><city>Vairão</city><postalCode>4485-661 Vairão</postalCode><country>PORTUGAL</country>    </address>
<electronicMailAddress>hiporame@gmail.com</electronicMailAddress><onlineUrl>https://www.researchgate.net/profile/Sonia_Ferreira9</onlineUrl>      <userId directory="http://scholar.google.com/citations?user=">AoyeVJQAAAAJ</userId>
    </metadataProvider>
    <metadataProvider>
    <individualName>
<givenName>Pedro</givenName>          <surName>Beja</surName>
    </individualName>
<organizationName>CIBIO-InBIO, Centro de Investigação em Biodiversidade e Recursos Genéticos, Universidade do Porto</organizationName><positionName>Researcher</positionName>    <address>
<deliveryPoint>Campus Agrário de Vairão</deliveryPoint><city>Vairão</city><postalCode>4485-661</postalCode><country>PORTUGAL</country>    </address>
<phone>+351916625396</phone><electronicMailAddress>pbeja@cibio.up.pt</electronicMailAddress>      <userId directory="http://orcid.org/">0000-0001-8164-0760</userId>
    </metadataProvider>
    <metadataProvider>
    <individualName>
<givenName>Pedro</givenName>          <surName>Sousa</surName>
    </individualName>
<organizationName>CIBIO-InBIO, Centro de Investigação em Biodiversidade e Recursos Genéticos, Universidade do Porto</organizationName><positionName>Researcher</positionName>    <address>
<deliveryPoint>Campus Agrário de Vairão</deliveryPoint><city>Vairão</city><postalCode>4485-661</postalCode><country>PORTUGAL</country>    </address>
<phone>+351916625396</phone><electronicMailAddress>prsousa@gmail.com</electronicMailAddress>      <userId directory="http://orcid.org/">0000-0002-5859-9656</userId>
    </metadataProvider>
      <pubDate>
      2018-03-22
      </pubDate>
    <language>ENGLISH</language>
    <abstract>
        <para>The dataset contains records of arthropods collected in the lower reaches of the Tua river, and included in the Environmental Impact Assessment of the Foz Tua Hydroelectric Dam, promoted by EDP – Energias de Portugal, S.A. Most data was collected between June 2006 and June 2008, during field visits to 7 sections of the river Tua valley. The main taxa targeted during the field visits were Lepidoptera, Coleoptera, Hemiptera, Orthoptera, and Odonata. Part of the specimens have been kept in the private collections of the collectors indicated in the dataset.</para>
    </abstract>
        <keywordSet>
              <keyword>Occurrence</keyword>
              <keywordThesaurus>GBIF Dataset Type Vocabulary: http://rs.gbif.org/vocabulary/gbif/dataset_type.xml</keywordThesaurus>
        </keywordSet>
        <keywordSet>
              <keyword>Observation</keyword>
              <keywordThesaurus>GBIF Dataset Subtype Vocabulary: http://rs.gbif.org/vocabulary/gbif/dataset_subtype.xml</keywordThesaurus>
        </keywordSet>
        <keywordSet>
              <keyword>Arachnids</keyword>
              <keyword>Beetles</keyword>
              <keyword>Moth</keyword>
              <keyword>Dragonfly</keyword>
              <keyword>Arthropods</keyword>
              <keyword>Insect</keyword>
              <keyword>Malacostraca</keyword>
              <keywordThesaurus>NA</keywordThesaurus>
        </keywordSet>
      <additionalInfo>
          <para>Part of this datase was collected by researchers of CIBIO - Centro de Investigação em Biodiversidade e Recursos Genéticos (https://cibio.up.pt/) under contract with EDP - Energias de Portugal S.A.</para>
      </additionalInfo>
      <intellectualRights>
        <para>This work is licensed under a <ulink url="http://creativecommons.org/licenses/by/4.0/legalcode"><citetitle>Creative Commons Attribution (CC-BY) 4.0 License</citetitle></ulink>.</para>
      </intellectualRights>
      <coverage>
            <geographicCoverage>
                  <geographicDescription>The data was collected at 7 sections of the river Tua valley. (Northeast Portugal, Europe). The areas in the region of Trás-os-Montes e Alto Douro, within the municipalities of Alijó, Carrazeda de Ansiães, and Vila Flor.</geographicDescription>
                  <boundingCoordinates>
                      <westBoundingCoordinate>-7.429</westBoundingCoordinate>
                      <eastBoundingCoordinate>-7.204</eastBoundingCoordinate>
                      <northBoundingCoordinate>41.386</northBoundingCoordinate>
                      <southBoundingCoordinate>41.213</southBoundingCoordinate>
                  </boundingCoordinates>
            </geographicCoverage>
          <temporalCoverage>
            <rangeOfDates>
              <beginDate>
                <calendarDate>      2006-06-05
</calendarDate>
              </beginDate>
              <endDate>
                <calendarDate>      2008-06-03
</calendarDate>
              </endDate>
            </rangeOfDates>
          </temporalCoverage>
              <taxonomicCoverage>
                    <generalTaxonomicCoverage>The taxonomic coverage of this dataset spans 4 classes, 13 orders, 115 families, and 724 species. The class Insecta accounts for 99% of both the specimens (N=2103) and the species. About 80% of the specimens and 77% of the species are Lepidoptera. The Coleoptera ranks second, with 8% of specimens and 12% of species.  The five most represented families were all Lepidoptera (Geometridae, Noctuidae, Crambidae, Pyralidae, Erebidae, Gelechiidae), and accounted for about half the specimens and 44% of the species. A total of 56 families were represented each by five or less specimens.</generalTaxonomicCoverage>
                    <taxonomicClassification>
                          <taxonRankName>Kingdom</taxonRankName>
                        <taxonRankValue>Animalia</taxonRankValue>
                    </taxonomicClassification>
                    <taxonomicClassification>
                          <taxonRankName>Phylum</taxonRankName>
                        <taxonRankValue>Arthropoda</taxonRankValue>
                    </taxonomicClassification>
                    <taxonomicClassification>
                          <taxonRankName>Class</taxonRankName>
                        <taxonRankValue>Insecta</taxonRankValue>
                    </taxonomicClassification>
                    <taxonomicClassification>
                          <taxonRankName>Class</taxonRankName>
                        <taxonRankValue>Malacostraca</taxonRankValue>
                    </taxonomicClassification>
                    <taxonomicClassification>
                          <taxonRankName>Class</taxonRankName>
                        <taxonRankValue>Chilopoda</taxonRankValue>
                    </taxonomicClassification>
                    <taxonomicClassification>
                          <taxonRankName>Class</taxonRankName>
                        <taxonRankValue>Arachnida</taxonRankValue>
                    </taxonomicClassification>
                    <taxonomicClassification>
                          <taxonRankName>Order</taxonRankName>
                        <taxonRankValue>Lepidoptera</taxonRankValue>
                          <commonName>Butterflies and Moths</commonName>
                    </taxonomicClassification>
                    <taxonomicClassification>
                          <taxonRankName>Order</taxonRankName>
                        <taxonRankValue>Coleoptera</taxonRankValue>
                          <commonName>Beetles</commonName>
                    </taxonomicClassification>
                    <taxonomicClassification>
                          <taxonRankName>Order</taxonRankName>
                        <taxonRankValue>Dermaptera</taxonRankValue>
                          <commonName>Earwigs</commonName>
                    </taxonomicClassification>
                    <taxonomicClassification>
                          <taxonRankName>Order</taxonRankName>
                        <taxonRankValue>Hemiptera</taxonRankValue>
                          <commonName>True Bugs</commonName>
                    </taxonomicClassification>
                    <taxonomicClassification>
                          <taxonRankName>Order</taxonRankName>
                        <taxonRankValue>Orthoptera</taxonRankValue>
                          <commonName>Grasshoppers and crickets</commonName>
                    </taxonomicClassification>
                    <taxonomicClassification>
                          <taxonRankName>Order</taxonRankName>
                        <taxonRankValue>Decapoda</taxonRankValue>
                    </taxonomicClassification>
                    <taxonomicClassification>
                          <taxonRankName>Order</taxonRankName>
                        <taxonRankValue>Diptera</taxonRankValue>
                          <commonName>True Flies</commonName>
                    </taxonomicClassification>
                    <taxonomicClassification>
                          <taxonRankName>Order</taxonRankName>
                        <taxonRankValue>Hymenoptera</taxonRankValue>
                          <commonName>Sawflies, Wasps, Bees, and Ants</commonName>
                    </taxonomicClassification>
                    <taxonomicClassification>
                          <taxonRankName>Order</taxonRankName>
                        <taxonRankValue>Scutigeromorpha</taxonRankValue>
                          <commonName>House Centipedes</commonName>
                    </taxonomicClassification>
                    <taxonomicClassification>
                          <taxonRankName>Order</taxonRankName>
                        <taxonRankValue>Mantodea</taxonRankValue>
                          <commonName>Mantises</commonName>
                    </taxonomicClassification>
                    <taxonomicClassification>
                          <taxonRankName>Order</taxonRankName>
                        <taxonRankValue>Odonata</taxonRankValue>
                          <commonName>Dragonflies and Damselflies</commonName>
                    </taxonomicClassification>
                    <taxonomicClassification>
                          <taxonRankName>Order</taxonRankName>
                        <taxonRankValue>Solifugae</taxonRankValue>
                          <commonName>Solifuges</commonName>
                    </taxonomicClassification>
                    <taxonomicClassification>
                          <taxonRankName>Order</taxonRankName>
                        <taxonRankValue>Araneae</taxonRankValue>
                          <commonName>Spiders</commonName>
                    </taxonomicClassification>
                    <taxonomicClassification>
                          <taxonRankName>Family</taxonRankName>
                        <taxonRankValue>Acrididae</taxonRankValue>
                    </taxonomicClassification>
                    <taxonomicClassification>
                          <taxonRankName>Family</taxonRankName>
                        <taxonRankValue>Aeshnidae</taxonRankValue>
                    </taxonomicClassification>
                    <taxonomicClassification>
                          <taxonRankName>Family</taxonRankName>
                        <taxonRankValue>Alucitidae</taxonRankValue>
                    </taxonomicClassification>
                    <taxonomicClassification>
                          <taxonRankName>Family</taxonRankName>
                        <taxonRankValue>Alydidae</taxonRankValue>
                    </taxonomicClassification>
                    <taxonomicClassification>
                          <taxonRankName>Family</taxonRankName>
                        <taxonRankValue>Amorphoscelididae</taxonRankValue>
                    </taxonomicClassification>
                    <taxonomicClassification>
                          <taxonRankName>Family</taxonRankName>
                        <taxonRankValue>Aphodiidae</taxonRankValue>
                    </taxonomicClassification>
                    <taxonomicClassification>
                          <taxonRankName>Family</taxonRankName>
                        <taxonRankValue>Araneidae</taxonRankValue>
                    </taxonomicClassification>
                    <taxonomicClassification>
                          <taxonRankName>Family</taxonRankName>
                        <taxonRankValue>Autostichidae</taxonRankValue>
                    </taxonomicClassification>
                    <taxonomicClassification>
                          <taxonRankName>Family</taxonRankName>
                        <taxonRankValue>Bedelliidae</taxonRankValue>
                    </taxonomicClassification>
                    <taxonomicClassification>
                          <taxonRankName>Family</taxonRankName>
                        <taxonRankValue>Berytidae</taxonRankValue>
                    </taxonomicClassification>
                    <taxonomicClassification>
                          <taxonRankName>Family</taxonRankName>
                        <taxonRankValue>Blastobasidae</taxonRankValue>
                    </taxonomicClassification>
                    <taxonomicClassification>
                          <taxonRankName>Family</taxonRankName>
                        <taxonRankValue>Brachodidae</taxonRankValue>
                    </taxonomicClassification>
                    <taxonomicClassification>
                          <taxonRankName>Family</taxonRankName>
                        <taxonRankValue>Brentidae</taxonRankValue>
                    </taxonomicClassification>
                    <taxonomicClassification>
                          <taxonRankName>Family</taxonRankName>
                        <taxonRankValue>Cambaridae</taxonRankValue>
                    </taxonomicClassification>
                    <taxonomicClassification>
                          <taxonRankName>Family</taxonRankName>
                        <taxonRankValue>Cantharidae</taxonRankValue>
                    </taxonomicClassification>
                    <taxonomicClassification>
                          <taxonRankName>Family</taxonRankName>
                        <taxonRankValue>Carabidae</taxonRankValue>
                    </taxonomicClassification>
                    <taxonomicClassification>
                          <taxonRankName>Family</taxonRankName>
                        <taxonRankValue>Carcinidae</taxonRankValue>
                    </taxonomicClassification>
                    <taxonomicClassification>
                          <taxonRankName>Family</taxonRankName>
                        <taxonRankValue>Cerambycidae</taxonRankValue>
                    </taxonomicClassification>
                    <taxonomicClassification>
                          <taxonRankName>Family</taxonRankName>
                        <taxonRankValue>Cercopidae</taxonRankValue>
                    </taxonomicClassification>
                    <taxonomicClassification>
                          <taxonRankName>Family</taxonRankName>
                        <taxonRankValue>Cetoniidae</taxonRankValue>
                    </taxonomicClassification>
                    <taxonomicClassification>
                          <taxonRankName>Family</taxonRankName>
                        <taxonRankValue>Choreutidae</taxonRankValue>
                    </taxonomicClassification>
                    <taxonomicClassification>
                          <taxonRankName>Family</taxonRankName>
                        <taxonRankValue>Chrysomelidae</taxonRankValue>
                    </taxonomicClassification>
                    <taxonomicClassification>
                          <taxonRankName>Family</taxonRankName>
                        <taxonRankValue>Cicadellidae</taxonRankValue>
                    </taxonomicClassification>
                    <taxonomicClassification>
                          <taxonRankName>Family</taxonRankName>
                        <taxonRankValue>Cleridae</taxonRankValue>
                    </taxonomicClassification>
                    <taxonomicClassification>
                          <taxonRankName>Family</taxonRankName>
                        <taxonRankValue>Coccinellidae</taxonRankValue>
                    </taxonomicClassification>
                    <taxonomicClassification>
                          <taxonRankName>Family</taxonRankName>
                        <taxonRankValue>Coenagrionidae</taxonRankValue>
                    </taxonomicClassification>
                    <taxonomicClassification>
                          <taxonRankName>Family</taxonRankName>
                        <taxonRankValue>Coleophoridae</taxonRankValue>
                    </taxonomicClassification>
                    <taxonomicClassification>
                          <taxonRankName>Family</taxonRankName>
                        <taxonRankValue>Coreidae</taxonRankValue>
                    </taxonomicClassification>
                    <taxonomicClassification>
                          <taxonRankName>Family</taxonRankName>
                        <taxonRankValue>Cosmopterigidae</taxonRankValue>
                    </taxonomicClassification>
                    <taxonomicClassification>
                          <taxonRankName>Family</taxonRankName>
                        <taxonRankValue>Cossidae</taxonRankValue>
                    </taxonomicClassification>
                    <taxonomicClassification>
                          <taxonRankName>Family</taxonRankName>
                        <taxonRankValue>Crambidae</taxonRankValue>
                    </taxonomicClassification>
                    <taxonomicClassification>
                          <taxonRankName>Family</taxonRankName>
                        <taxonRankValue>Daesidae</taxonRankValue>
                    </taxonomicClassification>
                    <taxonomicClassification>
                          <taxonRankName>Family</taxonRankName>
                        <taxonRankValue>Depressariidae</taxonRankValue>
                    </taxonomicClassification>
                    <taxonomicClassification>
                          <taxonRankName>Family</taxonRankName>
                        <taxonRankValue>Douglasiidae</taxonRankValue>
                    </taxonomicClassification>
                    <taxonomicClassification>
                          <taxonRankName>Family</taxonRankName>
                        <taxonRankValue>Drepanidae</taxonRankValue>
                    </taxonomicClassification>
                    <taxonomicClassification>
                          <taxonRankName>Family</taxonRankName>
                        <taxonRankValue>Dynastidae</taxonRankValue>
                    </taxonomicClassification>
                    <taxonomicClassification>
                          <taxonRankName>Family</taxonRankName>
                        <taxonRankValue>Elachistidae</taxonRankValue>
                    </taxonomicClassification>
                    <taxonomicClassification>
                          <taxonRankName>Family</taxonRankName>
                        <taxonRankValue>Empusidae</taxonRankValue>
                    </taxonomicClassification>
                    <taxonomicClassification>
                          <taxonRankName>Family</taxonRankName>
                        <taxonRankValue>Epermeniidae</taxonRankValue>
                    </taxonomicClassification>
                    <taxonomicClassification>
                          <taxonRankName>Family</taxonRankName>
                        <taxonRankValue>Erebidae</taxonRankValue>
                    </taxonomicClassification>
                    <taxonomicClassification>
                          <taxonRankName>Family</taxonRankName>
                        <taxonRankValue>Euteliidae</taxonRankValue>
                    </taxonomicClassification>
                    <taxonomicClassification>
                          <taxonRankName>Family</taxonRankName>
                        <taxonRankValue>Forficulidae</taxonRankValue>
                    </taxonomicClassification>
                    <taxonomicClassification>
                          <taxonRankName>Family</taxonRankName>
                        <taxonRankValue>Gelechiidae</taxonRankValue>
                    </taxonomicClassification>
                    <taxonomicClassification>
                          <taxonRankName>Family</taxonRankName>
                        <taxonRankValue>Geometridae</taxonRankValue>
                    </taxonomicClassification>
                    <taxonomicClassification>
                          <taxonRankName>Family</taxonRankName>
                        <taxonRankValue>Glyphipterigidae</taxonRankValue>
                    </taxonomicClassification>
                    <taxonomicClassification>
                          <taxonRankName>Family</taxonRankName>
                        <taxonRankValue>Gomphidae</taxonRankValue>
                    </taxonomicClassification>
                    <taxonomicClassification>
                          <taxonRankName>Family</taxonRankName>
                        <taxonRankValue>Gracillariidae</taxonRankValue>
                    </taxonomicClassification>
                    <taxonomicClassification>
                          <taxonRankName>Family</taxonRankName>
                        <taxonRankValue>Gryllidae</taxonRankValue>
                    </taxonomicClassification>
                    <taxonomicClassification>
                          <taxonRankName>Family</taxonRankName>
                        <taxonRankValue>Hesperiidae</taxonRankValue>
                    </taxonomicClassification>
                    <taxonomicClassification>
                          <taxonRankName>Family</taxonRankName>
                        <taxonRankValue>Heterogynidae</taxonRankValue>
                    </taxonomicClassification>
                    <taxonomicClassification>
                          <taxonRankName>Family</taxonRankName>
                        <taxonRankValue>Hydrometridae</taxonRankValue>
                    </taxonomicClassification>
                    <taxonomicClassification>
                          <taxonRankName>Family</taxonRankName>
                        <taxonRankValue>Labiduridae</taxonRankValue>
                    </taxonomicClassification>
                    <taxonomicClassification>
                          <taxonRankName>Family</taxonRankName>
                        <taxonRankValue>Laemophloeidae</taxonRankValue>
                    </taxonomicClassification>
                    <taxonomicClassification>
                          <taxonRankName>Family</taxonRankName>
                        <taxonRankValue>Lampyridae</taxonRankValue>
                    </taxonomicClassification>
                    <taxonomicClassification>
                          <taxonRankName>Family</taxonRankName>
                        <taxonRankValue>Lasiocampidae</taxonRankValue>
                    </taxonomicClassification>
                    <taxonomicClassification>
                          <taxonRankName>Family</taxonRankName>
                        <taxonRankValue>Libellulidae</taxonRankValue>
                    </taxonomicClassification>
                    <taxonomicClassification>
                          <taxonRankName>Family</taxonRankName>
                        <taxonRankValue>Lucanidae</taxonRankValue>
                    </taxonomicClassification>
                    <taxonomicClassification>
                          <taxonRankName>Family</taxonRankName>
                        <taxonRankValue>Lycaenidae</taxonRankValue>
                    </taxonomicClassification>
                    <taxonomicClassification>
                          <taxonRankName>Family</taxonRankName>
                        <taxonRankValue>Lygaeidae</taxonRankValue>
                    </taxonomicClassification>
                    <taxonomicClassification>
                          <taxonRankName>Family</taxonRankName>
                        <taxonRankValue>Lyonetiidae</taxonRankValue>
                    </taxonomicClassification>
                    <taxonomicClassification>
                          <taxonRankName>Family</taxonRankName>
                        <taxonRankValue>Mantidae</taxonRankValue>
                    </taxonomicClassification>
                    <taxonomicClassification>
                          <taxonRankName>Family</taxonRankName>
                        <taxonRankValue>Melolonthidae</taxonRankValue>
                    </taxonomicClassification>
                    <taxonomicClassification>
                          <taxonRankName>Family</taxonRankName>
                        <taxonRankValue>Membracidae</taxonRankValue>
                    </taxonomicClassification>
                    <taxonomicClassification>
                          <taxonRankName>Family</taxonRankName>
                        <taxonRankValue>Momphidae</taxonRankValue>
                    </taxonomicClassification>
                    <taxonomicClassification>
                          <taxonRankName>Family</taxonRankName>
                        <taxonRankValue>Monotomidae</taxonRankValue>
                    </taxonomicClassification>
                    <taxonomicClassification>
                          <taxonRankName>Family</taxonRankName>
                        <taxonRankValue>Mycetophagidae</taxonRankValue>
                    </taxonomicClassification>
                    <taxonomicClassification>
                          <taxonRankName>Family</taxonRankName>
                        <taxonRankValue>Mycteridae</taxonRankValue>
                    </taxonomicClassification>
                    <taxonomicClassification>
                          <taxonRankName>Family</taxonRankName>
                        <taxonRankValue>Nabidae</taxonRankValue>
                    </taxonomicClassification>
                    <taxonomicClassification>
                          <taxonRankName>Family</taxonRankName>
                        <taxonRankValue>Nepidae</taxonRankValue>
                    </taxonomicClassification>
                    <taxonomicClassification>
                          <taxonRankName>Family</taxonRankName>
                        <taxonRankValue>Nepticulidae</taxonRankValue>
                    </taxonomicClassification>
                    <taxonomicClassification>
                          <taxonRankName>Family</taxonRankName>
                        <taxonRankValue>Noctuidae</taxonRankValue>
                    </taxonomicClassification>
                    <taxonomicClassification>
                          <taxonRankName>Family</taxonRankName>
                        <taxonRankValue>Nolidae</taxonRankValue>
                    </taxonomicClassification>
                    <taxonomicClassification>
                          <taxonRankName>Family</taxonRankName>
                        <taxonRankValue>Notodontidae</taxonRankValue>
                    </taxonomicClassification>
                    <taxonomicClassification>
                          <taxonRankName>Family</taxonRankName>
                        <taxonRankValue>Nymphalidae</taxonRankValue>
                    </taxonomicClassification>
                    <taxonomicClassification>
                          <taxonRankName>Family</taxonRankName>
                        <taxonRankValue>Oecophoridae</taxonRankValue>
                    </taxonomicClassification>
                    <taxonomicClassification>
                          <taxonRankName>Family</taxonRankName>
                        <taxonRankValue>Oedemeridae</taxonRankValue>
                    </taxonomicClassification>
                    <taxonomicClassification>
                          <taxonRankName>Family</taxonRankName>
                        <taxonRankValue>Opostegidae</taxonRankValue>
                    </taxonomicClassification>
                    <taxonomicClassification>
                          <taxonRankName>Family</taxonRankName>
                        <taxonRankValue>Papilionidae</taxonRankValue>
                    </taxonomicClassification>
                    <taxonomicClassification>
                          <taxonRankName>Family</taxonRankName>
                        <taxonRankValue>Pentatomidae</taxonRankValue>
                    </taxonomicClassification>
                    <taxonomicClassification>
                          <taxonRankName>Family</taxonRankName>
                        <taxonRankValue>Phaneropteridae</taxonRankValue>
                    </taxonomicClassification>
                    <taxonomicClassification>
                          <taxonRankName>Family</taxonRankName>
                        <taxonRankValue>Pieridae</taxonRankValue>
                    </taxonomicClassification>
                    <taxonomicClassification>
                          <taxonRankName>Family</taxonRankName>
                        <taxonRankValue>Platycnemididae</taxonRankValue>
                    </taxonomicClassification>
                    <taxonomicClassification>
                          <taxonRankName>Family</taxonRankName>
                        <taxonRankValue>Plutellidae</taxonRankValue>
                    </taxonomicClassification>
                    <taxonomicClassification>
                          <taxonRankName>Family</taxonRankName>
                        <taxonRankValue>Prionoceridae</taxonRankValue>
                    </taxonomicClassification>
                    <taxonomicClassification>
                          <taxonRankName>Family</taxonRankName>
                        <taxonRankValue>Psychidae</taxonRankValue>
                    </taxonomicClassification>
                    <taxonomicClassification>
                          <taxonRankName>Family</taxonRankName>
                        <taxonRankValue>Pterolonchidae</taxonRankValue>
                    </taxonomicClassification>
                    <taxonomicClassification>
                          <taxonRankName>Family</taxonRankName>
                        <taxonRankValue>Pterophoridae</taxonRankValue>
                    </taxonomicClassification>
                    <taxonomicClassification>
                          <taxonRankName>Family</taxonRankName>
                        <taxonRankValue>Pyralidae</taxonRankValue>
                    </taxonomicClassification>
                    <taxonomicClassification>
                          <taxonRankName>Family</taxonRankName>
                        <taxonRankValue>Pyrrhocoridae</taxonRankValue>
                    </taxonomicClassification>
                    <taxonomicClassification>
                          <taxonRankName>Family</taxonRankName>
                        <taxonRankValue>Reduviidae</taxonRankValue>
                    </taxonomicClassification>
                    <taxonomicClassification>
                          <taxonRankName>Family</taxonRankName>
                        <taxonRankValue>Rhopalidae</taxonRankValue>
                    </taxonomicClassification>
                    <taxonomicClassification>
                          <taxonRankName>Family</taxonRankName>
                        <taxonRankValue>Rhynchitidae</taxonRankValue>
                    </taxonomicClassification>
                    <taxonomicClassification>
                          <taxonRankName>Family</taxonRankName>
                        <taxonRankValue>Rutelidae</taxonRankValue>
                    </taxonomicClassification>
                    <taxonomicClassification>
                          <taxonRankName>Family</taxonRankName>
                        <taxonRankValue>Saturniidae</taxonRankValue>
                    </taxonomicClassification>
                    <taxonomicClassification>
                          <taxonRankName>Family</taxonRankName>
                        <taxonRankValue>Scoliidae</taxonRankValue>
                    </taxonomicClassification>
                    <taxonomicClassification>
                          <taxonRankName>Family</taxonRankName>
                        <taxonRankValue>Scutelleridae</taxonRankValue>
                    </taxonomicClassification>
                    <taxonomicClassification>
                          <taxonRankName>Family</taxonRankName>
                        <taxonRankValue>Scutigeridae</taxonRankValue>
                    </taxonomicClassification>
                    <taxonomicClassification>
                          <taxonRankName>Family</taxonRankName>
                        <taxonRankValue>Scydmaenidae</taxonRankValue>
                    </taxonomicClassification>
                    <taxonomicClassification>
                          <taxonRankName>Family</taxonRankName>
                        <taxonRankValue>Scythrididae</taxonRankValue>
                    </taxonomicClassification>
                    <taxonomicClassification>
                          <taxonRankName>Family</taxonRankName>
                        <taxonRankValue>Silphidae</taxonRankValue>
                    </taxonomicClassification>
                    <taxonomicClassification>
                          <taxonRankName>Family</taxonRankName>
                        <taxonRankValue>Silvanidae</taxonRankValue>
                    </taxonomicClassification>
                    <taxonomicClassification>
                          <taxonRankName>Family</taxonRankName>
                        <taxonRankValue>Sphingidae</taxonRankValue>
                    </taxonomicClassification>
                    <taxonomicClassification>
                          <taxonRankName>Family</taxonRankName>
                        <taxonRankValue>Spongiphoridae</taxonRankValue>
                    </taxonomicClassification>
                    <taxonomicClassification>
                          <taxonRankName>Family</taxonRankName>
                        <taxonRankValue>Stenocephalidae</taxonRankValue>
                    </taxonomicClassification>
                    <taxonomicClassification>
                          <taxonRankName>Family</taxonRankName>
                        <taxonRankValue>Syrphidae</taxonRankValue>
                    </taxonomicClassification>
                    <taxonomicClassification>
                          <taxonRankName>Family</taxonRankName>
                        <taxonRankValue>Tenebrionidae</taxonRankValue>
                    </taxonomicClassification>
                    <taxonomicClassification>
                          <taxonRankName>Family</taxonRankName>
                        <taxonRankValue>Tetrigidae</taxonRankValue>
                    </taxonomicClassification>
                    <taxonomicClassification>
                          <taxonRankName>Family</taxonRankName>
                        <taxonRankValue>Tettigoniidae</taxonRankValue>
                    </taxonomicClassification>
                    <taxonomicClassification>
                          <taxonRankName>Family</taxonRankName>
                        <taxonRankValue>Thomisidae</taxonRankValue>
                    </taxonomicClassification>
                    <taxonomicClassification>
                          <taxonRankName>Family</taxonRankName>
                        <taxonRankValue>Tineidae</taxonRankValue>
                    </taxonomicClassification>
                    <taxonomicClassification>
                          <taxonRankName>Family</taxonRankName>
                        <taxonRankValue>Tischeriidae</taxonRankValue>
                    </taxonomicClassification>
                    <taxonomicClassification>
                          <taxonRankName>Family</taxonRankName>
                        <taxonRankValue>Tortricidae</taxonRankValue>
                    </taxonomicClassification>
                    <taxonomicClassification>
                          <taxonRankName>Family</taxonRankName>
                        <taxonRankValue>Vespidae</taxonRankValue>
                    </taxonomicClassification>
                    <taxonomicClassification>
                          <taxonRankName>Family</taxonRankName>
                        <taxonRankValue>Yponomeutidae</taxonRankValue>
                    </taxonomicClassification>
                    <taxonomicClassification>
                          <taxonRankName>Family</taxonRankName>
                        <taxonRankValue>Zopheridae</taxonRankValue>
                    </taxonomicClassification>
              </taxonomicCoverage>
      </coverage>
      <purpose>
          <para>This dataset is part of a broader initiative whereby the company EDP - Energias de Portugal S.A. will made available biodiversity data collected during impact assessment and biological monitoring studies.</para>
      </purpose>
      <maintenance>
          <description>
              <para>This resource will be regularly checked for accuracy.</para>
          </description>
          <maintenanceUpdateFrequency>unkown</maintenanceUpdateFrequency>
      </maintenance>
      <contact>
    <individualName>
<givenName>João</givenName>          <surName>Madeira</surName>
    </individualName>
<organizationName>EDP - Energia de Portugal</organizationName><positionName>Manager</positionName>    <address>
<deliveryPoint>Av. 24 Julho, 12, Torre Nascente, Piso 4</deliveryPoint><city>Lisbon</city><postalCode>1249-300 Lisboa</postalCode><country>PORTUGAL</country>    </address>
<electronicMailAddress>Joao.Madeira@edp.pt</electronicMailAddress>      </contact>
      <methods>
            <methodStep>
                <description>
                    <para>To be completed.</para>
                </description>
            </methodStep>
            <sampling>
                <studyExtent>
                    <description>
                        <para>The data was collected within 7 sections of the river Tua valley (Northeast Portugal. Europe), encompassing 11 sampling sites. (Northeast Portugal. Europe). The areas in the region of Trás-os-Montes e Alto Douro, within the municipalities of Alijó, Carrazeda de Ansiães, and Vila Flor.</para>
                    </description>
                </studyExtent>
                <samplingDescription>
                    <para>Sampling methods for Lepidoptera
The majority of the data was obtained from nocturnal sampling using 125 w mercury vapour bulbs suspended from a tripod over a white sheet on the ground or on a stand placed in the middle of the sheet. Three such lights were run from a single generator, using lengths of electric cable to separate the lights as far as possible, allowing sampling from different microhabitats. Egg boxes placed on the sheets provided hiding places for moths, reducing the number of moths that are active around the light at any one moment and making examination of the catch easier. Moths were identified visually, using a lens for the smaller species, but if not recognised or when known to be unidentifiable in the field, samples were collected in glass tubes or boxes and later killed in a freezer. These samples were pinned and taken home for later identification, often requiring dissection of genitalia.

Nocturnal sessions began about 30 minutes after sunset and continued until the rate at which new species were appearing rendered further sampling unprofitable. In cooler more humid localities this was earlier than in dry warm sites, where sampling  sometimes continued till the first signs of returning daylight. During these hours, the three sheets were visited and examined nearly continually, with only short breaks, mainly to look at the wine ropes.

Wine ropes were also used at night. These are pieces of clothes line soaked in a solution of white sugar in red wine. Usually five were used, hung on small branches of trees or bushes soon after sunset, and then inspected periodically during the night. They were sited where they would not be directly affected by the mercury vapour lights, either at some distance away from the lights or sometimes between two lights if these were sufficiently far apart. Results from this sampling technique are notoriously unpredictable, but usually some species are attracted that have not been attracted to the lights.

Some diurnal sampling was also carried out, but the time spent on this was much less than on the night work and the methods used less efficacious. A small number of species were captured with a net during the day. Larvae were collected when found, and the food-plants noted. These were reared through to adults for identification purposes, but this was not always successful. A few species were identified from leaf mines or characteristic spinnings made by their larvae.  In some cases this can be done even if the larva is no longer present. 

In the data, counts are provided for each species. Using the sampling techniques given above, counting every individual of every species at the lights is not practicable with the number of species often far exceeding 100. Instead, during the following morning, estimates from memory were made for each species. Obviously this is not rigorously exact, but it does give an approximation of relative numbers. Using this method, occasional checks can be made, by attempting to count all individuals of one or two species and comparing this with an estimated number. From this it is evident that low numbers are reasonably accurate (thus an estimated 5 might actually be 4 or 6 for example) but more abundant species are consistently underestimated.</para>
                </samplingDescription>
            </sampling>
      </methods>

      <project id="EDP Biodiversity Data">
          <title>Environmental Impact Assessment of the Foz Tua Hydroelectric Dam - Arthropod Data</title>
          <personnel>
    <individualName>
<givenName>Martin</givenName>          <surName>Corley</surName>
    </individualName>
      <userId directory="http://www.researcherid.com/rid/">A-7851-2008</userId>
    <role>AUTHOR</role>
          </personnel>
          <personnel>
    <individualName>
<givenName>José Manuel</givenName>          <surName>Grosso-Silva</surName>
    </individualName>
    <role>AUTHOR</role>
          </personnel>
          <personnel>
    <individualName>
<givenName>Sónia</givenName>          <surName>Ferreira</surName>
    </individualName>
    <role>AUTHOR</role>
          </personnel>
          <personnel>
    <individualName>
<givenName>Pedro</givenName>          <surName>Beja</surName>
    </individualName>
      <userId directory="http://orcid.org/">0000-0001-8164-0760</userId>
    <role>ADMINISTRATIVE_POINT_OF_CONTACT</role>
          </personnel>
          <personnel>
    <individualName>
<givenName>Rui</givenName>          <surName>Figueira</surName>
    </individualName>
      <userId directory="http://orcid.org/">0000-0002-8351-4028</userId>
    <role>ADMINISTRATIVE_POINT_OF_CONTACT</role>
          </personnel>
          <personnel>
    <individualName>
<givenName>Pedro</givenName>          <surName>Sousa</surName>
    </individualName>
      <userId directory="http://orcid.org/">0000-0002-5859-9656</userId>
    <role>ADMINISTRATIVE_POINT_OF_CONTACT</role>
          </personnel>
          <abstract>
              <para>The database contains records of arthropods collected in the lower reaches of the Tua river and included in the Environmental Impact Assessment of the Foz Tua Hydroelectric Dam, promoted by EDP – Energias de Portugal, S.A. Most data was collected between June 2006 and June 2008, during field visits to 7 sections of the river Tua valley. A total of 2103 specimens were identified, most of which were Lepidoptera (1691), Coleoptera (173), Hemiptera (78), Orthoptera (60), and Odonata (47). These specimens represented 724 species, most of which were Lepidoptera (556), Coleoptera (83), Hemiptera (32), Orthoptera (22), and Odonata (12). Part of the specimens have been kept in the private collections of the collectors indicated in the database.</para>
          </abstract>
          <funding>
              <para>The work was funded by EDP - Energias de Portugal, S.A.</para>
          </funding>
            <studyAreaDescription>
                <descriptor name="generic" citableClassificationSystem="false">
                    <descriptorValue>The study was conducted along the margins of the lower Tua river, prior to the construction and subsequent flooding of the valley by the Foz Tua Hydroelectric Dam.
The Rio Tua is formed by the confluence of the Rio Rabaçal and Rio Tuela at Mirandela. It flows some 45 kilometres in a mainly south-west direction to Foz Tua where it enters the Rio Douro. At Mirandela it lies at 215 metres a.s.l. falling to about 80 metres at Foz Tua. In the southern part of its course it cuts through hills which ascend to over 600 m, whereas in the northern part the surrounding higher ground only reaches 300 m. This gives the northern half of the river an open character with some wide gravelly shallows. Very much in contrast, the southern half lies in a deep ravine cut through granite rocks which is where the dam has been constructed and where most of the recording sites were located. 
Between the bridge at Foz Tua and the bridge at Brunheda, there was no crossing point over the river, which could only be reached by car on tracks that were sometimes very steep. Only from Vilarinho das Azenhas to Mirandela was there a road running along the valley. However a railway line runs the whole length of the river from Foz Tua all the way to Mirandela, providing access to otherwise inaccessible areas. 
According to Köppen Climate Classification, the study area was included in type Csa, corresponding to a temperate climate with dry or hot summer. Mean monthly temperature ranges between 6.1ºC (January) and 23.6ºC. Mean annual precipitation is 520mm and follows the typical seasonal Mediterranean pattern, with most (68%) precipitation concentrated in the wet semester (October-March) and virtual no precipitation in the summer months. A brief description of the seven sections of the river that were sampled (11 sampling sites) is provided from downstream to upstream. For each site the altitude of the main collecting sites is given. Any sites below 170m are nowadays submerged.
Section 1 - Fiolhal. The recording site was by the railway line below Quinta da Ribeira, Altitude 130m. The ravine below the line was steep and wooded, with a variety of trees including Fraxinus angustifolia and Quercus rotundifolia. The riverbed was boulder strewn and the banks had Alnus glutinosa and Salix salvifolia. Above the line the slopes were gentler with vines and olive trees growing on terraces, and patches of Mediterranean scrub including such shrubs as Pistacia terebinthus and Lonicera implexa. Two other areas have been sampled during the day: one in the surroundings of Quinta da Ribeira and one closer to the river mouth.
Section 2 - Amieiro. The recording site was a track leading down into the ravine past the village. The track ends at altitude 150 m, beside a cable car which could be used to access the Santa Luzia railway station on the opposite bank of the river. Below the cable the narrow deep river runs at the bottom of a near vertical sided gorge. One light was always placed at a bend in the track at about 170 m. The slope on the Santa Luzia side had rather open Quercus rotundifolia woodland. The Abreiro side also had some oaks, but was occupied by a patchwork of tiny orchard and garden terraces wherever there was any space between granite cliffs and boulders. The trackside vegetation was a rich and varied selection of herbs and shrubs, while rock crevices are filled with Sedum species and Dianthus lusitanus. This site was always noticeably warmer than other sites at night. 
Section 3 - São Lourenço. The recording site was beside the railway line about 500 m south of the village at altitude 160 m. Here the steep wooded ravine probably has the least disturbed vegetation of any site along the river. The vegetation was similar to that below the railway line at Fiolhal, but continues on slightly less steep slopes above the line.
Section 4 - Brunheda. The recording site was just north of the railway station at 160 m. There was some flat ground on both sides of the river at this point. Marginal trees were Salix, Alnus and Populus nigra. Trapped lights were placed on the river gravel patches, that were submerged at some times of year by then. The other bank of the river visited by day. A wide grassy area here has abundant Gratiola officinalis. 
Section 5 - Abreiro. The trapping site was beside a track at about 170 m, a few hundred metres south of Abreiro station (which is some two kilometres east of Abreiro village on the other side of the river and in a different municipality). The river here was wide and shallow with gravelly flats. Some rocky outcrops near the bank of the river had Bufonia macropetala, a rare plant in Portugal. There was plentiful Salix salvifolia and some Populus nigra by the river. One section of the track was bordered by a rich selection of small trees and shrubs including Prunus spinosa, Crataegus monogyna, Acer monspessulanus, Quercus rotundifolia, Cytisus, Rubus, Ruscus aculeatus and Clematis campaniflora. The embankment of the railway track was however heavily infested with the exotic Ailanthus. 
Section 6 - Ribeirinha. Trapping was on the edge of the village beside the river at 185 m. The river here was wide and shallow with gravel banks. There were marginal Populus nigra and Fraxinus angustifolia. 
Section 7 - Vilarinho das Azenhas. The site was immediately upstream of the road bridge about one kilometre east of the village, at altitude 195 m. The river here was fairly wide, with an artificial pool created by a weir. The river banks had abundant Alnus glutinosa and Salix salvifolia and near the banks were some Populus nigra, Ulmus minor, Crataegus monogyna and a little Celtis australis. Climbing these trees were Humulus lupulinus, Calystegia sepia and Solanum dulcamara. The narrow strip between the river and the railway opened a little after a few hundred metres into a grassy area containing some vines.</descriptorValue>
                </descriptor>
            </studyAreaDescription>
            <designDescription>
                <description>
                    <para>This dataset resulted from field work carried out between 2006 and 2008, involving surveys of arthropod species. The work was associated with the Environmental Impact Assessment of the Foz Tua Hydroelectric Dam. The objective was to obtain baseline information on the species occurring along the lower Tua River, to provide a baseline against which future impacts of this development could be assessed. Sampling was carried out along the margins of the Tua River, including sectors to be flooded by the dam, and sectors upstream of the dam.</para>
                </description>
            </designDescription>
      </project>
</dataset>

<additionalMetadata>
    <metadata>
      <gbif>
        <dateStamp>2021-03-29T09:38:40Z</dateStamp>
      <citation identifier="doi:10.15468/jtdrhm">Beja P, Figueira R, Corley M, Grosso-Silva J M, Ferreira S, Sousa P (2018). EDP Foz Tua: Arthropoda – Environmental Impact Assessment [2006-2008]. Version 1.6. EDP - Energias de Portugal. Occurrence dataset https://doi.org/10.15468/jtdrhm accessed via GBIF.org on 2021-03-29.</citation>
              <bibliography>
      <citation>Corley, M.F.V., Marabuto, E. &amp; Pires, P. (2007). New Lepidoptera for the fauna of Portugal (Insecta: Lepidoptera). SHILAP Revta. lepid. 35 (139):321-334.</citation>
      <citation>Corley, M.F.V., Marabuto, E., Maravalhas, E., Pires, P. &amp; Cardoso, J.P. (2008). New and interesting Portuguese Lepidoptera records from 2007. SHILAP  Revta lepid., 36 (143): 283-300.</citation>
      <citation>Corley, M.F.V., Marabuto, E., Maravalhas, E., Pires, P. &amp; Cardoso, J.P. (2011). New and interesting Portuguese Lepidoptera records from 2009 (Insecta: Lepidoptera. SHILAP Revta lepid., 39 (153): 15-35.</citation>
      <citation>Corley, M. F. V., Cardoso, J. P., Dale, M. J., Marabuto, E., Maravalhas, E., &amp; Pires, P. (2012a). New and interesting Portuguese Lepidoptera records from 2010 (Insecta: Lepidoptera). SHILAP Revista de lepidopterología, 40(157), 5-21.</citation>
      <citation>Corley, M.F.V., Merckx, T., Cardoso, J.P., Dale, M.J., Marabuto, E., Maravalhas, E. &amp; Pires, P. (2012b). New and interesting Portuguese Lepidoptera records from 2011. (Insecta: Lepidoptera). SHILAP Revta lepid., 40 (160): 489-511.</citation>
      <citation>Corley, M. F. V., Merckx, T., Marabuto, E. M., Arnscheid, W. &amp; Maravalhas, E.  2013. New and interesting Portuguese Lepidoptera records from 2012 (Insecta: Lepidoptera). SHILAP Revta. lepid., 41 (164): 449-477.</citation>
      <citation>Corley, M.F.V., Rosete, J., Marabuto, E., Maravalhas, E., Pires, P., 2014. New and interesting Portuguese Lepidoptera records from 2013. (Insecta: Lepidoptera). SHILAP Revista de lepidopterología, 42 (168): 587-613.</citation>
      <citation>Corley, M.F.V., Rosete, J., Romão, F., Dale, M. J., Marabuto, E., Maravalhas, E., &amp; Pires, P., 2015.– New and interesting Portuguese Lepidoptera records from 2014. (Insecta: Lepidoptera).– SHILAP Revista de lepidopterología 43 (172): 583-613.</citation>
      <citation>Ferreira, S. &amp; Grosso-Silva, J. M., 2008. Confirmation of the occurrence of Gryllomorpha uclensis Pantel, 1890 in Portugal (Orthoptera, Gryllidae). Boln. S.E.A., 42: 384.</citation>
      <citation>Grosso-Silva, J. M., 2007. New and interesting beetle (Coleoptera) records from Portugal (5th note). Boln. S.E.A., 40: 471-472.</citation>
      <citation>Mata, L.; Grosso-Silva, J. M. &amp; Goula, M., 2013. Pyrrhocoridae from the Iberian Peninsula (Hemiptera: Heteroptera). Heteropterus Rev. Entomol., 13 (2): 175-189.</citation>
      <citation>Valcárcel, J. P.; Grosso-Silva, J. M. &amp; Prieto Piloña, F., 2011. Nuevos registros de Mycterus curculioides (Fabricius, 1781) (Coleoptera, Mycteridae) y actualización de su distribución ibérica. Arquivos Entomolóxicos, 5: 153-156.</citation>
              </bibliography>
              <resourceLogoUrl>http://ipt.gbif.pt/ipt/logo.do?r=edp_tua_arthropoda_eia</resourceLogoUrl>
        </gbif>
    </metadata>
</additionalMetadata>

</eml:eml>
