<?xml version="1.0" encoding="utf-8"?>
<eml:eml xmlns:eml="eml://ecoinformatics.org/eml-2.1.1" xmlns:xsi="http://www.w3.org/2001/XMLSchema-instance"
         xsi:schemaLocation="eml://ecoinformatics.org/eml-2.1.1 http://rs.gbif.org/schema/eml-gbif-profile/1.1/eml.xsd"
        packageId="85b1cfb6-f762-11e1-a439-00145eb45e9a"  system="http://gbif.org" scope="system"
  xml:lang="en">

<dataset>
      <alternateIdentifier>10.15468/sm6qo6</alternateIdentifier>
        <alternateIdentifier>http://ipt.flmnh.ufl.edu:8080/ipt/resource?r=invertebratezoology</alternateIdentifier>
        <alternateIdentifier>http://ipt.flmnh.ufl.edu:8080/ipt/resource.do?r=invertebratezoology</alternateIdentifier>
        <alternateIdentifier>85b1cfb6-f762-11e1-a439-00145eb45e9a</alternateIdentifier>
        <alternateIdentifier>1517</alternateIdentifier>
    <title>UF Invertebrate Zoology</title>
    <creator>
    <individualName>
<givenName>Gustav</givenName>          <surName>Paulay</surName>
    </individualName>
<organizationName>Florida Museum of Natural History</organizationName><positionName>Curator of Invertebrate Zoology</positionName>    <address>
<deliveryPoint>Dickinson Hall, 1659 Museum Road</deliveryPoint><city>Gainesville</city><administrativeArea>FL</administrativeArea><postalCode>32611</postalCode><country>UNITED_STATES</country>    </address>
<phone>352-273-1948</phone><electronicMailAddress>paulay@flmnh.ufl.edu</electronicMailAddress><onlineUrl>http://www.flmnh.ufl.edu/malacology/</onlineUrl>    </creator>
    <metadataProvider>
    <individualName>
<givenName>Warren</givenName>          <surName>Brown</surName>
    </individualName>
<organizationName>Florida Museum of Natural History</organizationName><positionName>IT Director</positionName>    <address>
<deliveryPoint>Dickinson Hall, 1659 Museum Road</deliveryPoint><city>Gainesville</city><administrativeArea>FL</administrativeArea><postalCode>32611</postalCode><country>UNITED_STATES</country>    </address>
<phone>352-273-1911</phone><electronicMailAddress>netadmin@flmnh.ufl.edu</electronicMailAddress><onlineUrl>http://www.flmnh.ufl.edu/omt/</onlineUrl>    </metadataProvider>
    <associatedParty>
    <individualName>
<givenName>Warren</givenName>          <surName>Brown</surName>
    </individualName>
<organizationName>Florida Museum of Natural History</organizationName><positionName>IT Director</positionName>    <address>
<deliveryPoint>Dickinson Hall, 1659 Museum Road</deliveryPoint><city>Gainesville</city><administrativeArea>FL</administrativeArea><postalCode>32611</postalCode><country>UNITED_STATES</country>    </address>
<phone>352-273-1911</phone><electronicMailAddress>netadmin@flmnh.ufl.edu</electronicMailAddress><onlineUrl>http://www.flmnh.ufl.edu/omt/</onlineUrl>    <role>USER</role>
    </associatedParty>
      <pubDate>
      2021-03-26
      </pubDate>
    <language>ENGLISH</language>
    <abstract>
        <para>The UF Invertebrate collection holds ~580,000 databased lots of mollusks and marine invertebrates.  It began as a Malacology collection almost 100 years ago and the collection is particularly strong in non-marine mollusks.  Approximately ~85% of the holdings are mollusks but since 2000 the collection was expanded to cover all invertebrate phyla, focusing on marine taxa.  Today it holds &amp;gt;40,000 species from 28 phyla.</para>
    </abstract>
        <keywordSet>
              <keyword>Occurrence</keyword>
              <keywordThesaurus>GBIF Dataset Type Vocabulary: http://rs.gbif.org/vocabulary/gbif/dataset_type.xml</keywordThesaurus>
        </keywordSet>
        <keywordSet>
              <keyword>Occurrence</keyword>
              <keywordThesaurus>GBIF Dataset Type Vocabulary: http://rs.gbif.org/vocabulary/gbif/dataset_type_2015-07-10.xml</keywordThesaurus>
        </keywordSet>
      <intellectualRights>
        <para>This work is licensed under a <ulink url="http://creativecommons.org/licenses/by-nc/4.0/legalcode"><citetitle>Creative Commons Attribution Non Commercial (CC-BY-NC) 4.0 License</citetitle></ulink>.</para>
      </intellectualRights>
      <maintenance>
          <description>
              <para></para>
          </description>
          <maintenanceUpdateFrequency>weekly</maintenanceUpdateFrequency>
      </maintenance>
      <contact>
    <individualName>
<givenName>Gustav</givenName>          <surName>Paulay</surName>
    </individualName>
<organizationName>Florida Museum of Natural History</organizationName><positionName>Curator of Invertebrate Zoology</positionName>    <address>
<deliveryPoint>Dickinson Hall, 1659 Museum Road</deliveryPoint><city>Gainesville</city><administrativeArea>FL</administrativeArea><postalCode>32611</postalCode><country>UNITED_STATES</country>    </address>
<phone>352-273-1948</phone><electronicMailAddress>paulay@flmnh.ufl.edu</electronicMailAddress><onlineUrl>https://www.flmnh.ufl.edu/malacology/</onlineUrl>      </contact>

</dataset>

<additionalMetadata>
    <metadata>
      <gbif>
        <dateStamp>2021-03-29T09:38:49Z</dateStamp>
      <citation>Paulay G, Brown W (2021). UF Invertebrate Zoology. Florida Museum of Natural History. Occurrence dataset https://doi.org/10.15468/sm6qo6 accessed via GBIF.org on 2021-03-29.</citation>
        </gbif>
    </metadata>
</additionalMetadata>

</eml:eml>
