<?xml version="1.0" encoding="utf-8"?>
<eml:eml xmlns:eml="eml://ecoinformatics.org/eml-2.1.1" xmlns:xsi="http://www.w3.org/2001/XMLSchema-instance"
         xsi:schemaLocation="eml://ecoinformatics.org/eml-2.1.1 http://rs.gbif.org/schema/eml-gbif-profile/1.1/eml.xsd"
        packageId="86939734-f762-11e1-a439-00145eb45e9a"  system="http://gbif.org" scope="system"
  xml:lang="en">

<dataset>
      <alternateIdentifier>10.15468/npb02o</alternateIdentifier>
        <alternateIdentifier>http://science-net.kahaku.go.jp/ipt2/resource?r=snet-1190-109</alternateIdentifier>
        <alternateIdentifier>http://gbif.science-net.kahaku.go.jp:8081/ipt2/resource?r=snet-1190-109</alternateIdentifier>
        <alternateIdentifier>86939734-f762-11e1-a439-00145eb45e9a</alternateIdentifier>
        <alternateIdentifier>1970</alternateIdentifier>
    <title>Marine invertabrate(ARTHROPODA) specimen database of Osaka Museum of Natural History</title>
    <creator>
    <individualName>
<givenName>So</givenName>          <surName>Ishida</surName>
    </individualName>
<organizationName>Osaka Museum of Natural History</organizationName><positionName>Curator</positionName>    <address>
<country>JAPAN</country>    </address>
<electronicMailAddress>iso@mus-nh.city.osaka.jp</electronicMailAddress>    </creator>
    <metadataProvider>
    <individualName>
<givenName>Kazumi</givenName>          <surName>Tanida</surName>
    </individualName>
<organizationName>Osaka Museum of Natural History</organizationName><positionName>Director</positionName>    <address>
<country>JAPAN</country>    </address>
<electronicMailAddress>monitor@mus-nh.city.osaka.jp</electronicMailAddress>    </metadataProvider>
      <pubDate>
      2020-03-16
      </pubDate>
    <language>ENGLISH</language>
    <abstract>
        <para>Marine invertabrate(Arthropoda) specimens from Japan, deposited in Osaka Museum of Natural History</para>
    </abstract>
        <keywordSet>
              <keyword>Occurrence</keyword>
              <keywordThesaurus>GBIF Dataset Type Vocabulary: http://rs.gbif.org/vocabulary/gbif/dataset_type.xml</keywordThesaurus>
        </keywordSet>
      <intellectualRights>
        <para>This work is licensed under a <ulink url="http://creativecommons.org/licenses/by/4.0/legalcode"><citetitle>Creative Commons Attribution (CC-BY) 4.0 License</citetitle></ulink>.</para>
      </intellectualRights>
      <distribution scope="document">
          <online>
              <url function="information">http://www.mus-nh.city.osaka.jp/english/index.html</url>
          </online>
      </distribution>
      <maintenance>
          <description>
              <para></para>
          </description>
          <maintenanceUpdateFrequency>unkown</maintenanceUpdateFrequency>
      </maintenance>
      <contact>
    <individualName>
<givenName>Kazumi</givenName>          <surName>Tanida</surName>
    </individualName>
<organizationName>Osaka Museum of Natural History</organizationName><positionName>Director</positionName>    <address>
<country>JAPAN</country>    </address>
<electronicMailAddress>monitor@mus-nh.city.osaka.jp</electronicMailAddress><onlineUrl>http://www.mus-nh.city.osaka.jp/</onlineUrl>      </contact>

</dataset>

<additionalMetadata>
    <metadata>
      <gbif>
        <dateStamp>2021-03-29T09:38:43Z</dateStamp>
      <citation>Ishida S, Tanida K (2020). Marine invertabrate(ARTHROPODA) specimen database of Osaka Museum of Natural History. National Museum of Nature and Science, Japan. Occurrence dataset https://doi.org/10.15468/npb02o accessed via GBIF.org on 2021-03-29.</citation>
        </gbif>
    </metadata>
</additionalMetadata>

</eml:eml>
