<?xml version="1.0" encoding="utf-8"?>
<eml:eml xmlns:eml="eml://ecoinformatics.org/eml-2.1.1" xmlns:xsi="http://www.w3.org/2001/XMLSchema-instance"
         xsi:schemaLocation="eml://ecoinformatics.org/eml-2.1.1 http://rs.gbif.org/schema/eml-gbif-profile/1.1/eml.xsd"
        packageId="b0d83536-9102-4aa6-ad8f-570b9db6c77e"  system="http://gbif.org" scope="system"
  xml:lang="en">

<dataset>
      <alternateIdentifier>10.15468/naz4v7</alternateIdentifier>
        <alternateIdentifier>https://registry.nbnatlas.org/public/show/dr2045</alternateIdentifier>
        <alternateIdentifier>31154be6-8717-339f-94a4-edc6df98c190</alternateIdentifier>
    <title>Fermanagh Flora</title>
    <creator>
<organizationName>Centre for Environmental Data and Recording</organizationName>    <address>
<deliveryPoint>153 Bangor Road, Cultra,</deliveryPoint><city>Holywood, Co. Down</city><postalCode>BT18 0EU</postalCode><country>UNITED_KINGDOM</country>    </address>
<phone>+ 44 028 9042 8428</phone><electronicMailAddress>cedar.info@nmni.com</electronicMailAddress><onlineUrl>http://nmni.com/cedar</onlineUrl>    </creator>
    <metadataProvider>
<organizationName>Centre for Environmental Data and Recording</organizationName>    <address>
<deliveryPoint>153 Bangor Road, Cultra,</deliveryPoint><city>Holywood, Co. Down</city><postalCode>BT18 0EU</postalCode><country>UNITED_KINGDOM</country>    </address>
<phone>+ 44 028 9042 8428</phone><electronicMailAddress>cedar.info@nmni.com</electronicMailAddress><onlineUrl>http://nmni.com/cedar</onlineUrl>    </metadataProvider>
    <associatedParty>
<organizationName>NBN Atlas</organizationName>    <address>
<deliveryPoint>Unit F, 14 - 18 St Mary&apos;s Gate, Lace Market</deliveryPoint><city>Nottingham</city><administrativeArea>Nottinghamshire</administrativeArea><postalCode>NG1 1PF</postalCode><country>UNITED_KINGDOM</country>    </address>
<electronicMailAddress>admin@nbnatlas.org</electronicMailAddress>    <role>DISTRIBUTOR</role>
    </associatedParty>
      <pubDate>
      2019-09-23
      </pubDate>
    <language>ENGLISH</language>
    <abstract>
        <para>Vascular plant species records collated for &amp;#39;The Flora of Fermanagh&amp;#39; (2012), and additional post publication recordings.</para>
    </abstract>
      <intellectualRights>
        <para>This work is licensed under a <ulink url="http://creativecommons.org/licenses/by-nc/4.0/legalcode"><citetitle>Creative Commons Attribution Non Commercial (CC-BY-NC) 4.0 License</citetitle></ulink>.</para>
      </intellectualRights>
      <distribution scope="document">
          <online>
              <url function="information">https://registry.nbnatlas.org/public/show/dr2045</url>
          </online>
      </distribution>
      <purpose>
          <para>To understand status and distribution of species, support this publication and the ongoing work of BSBI.</para>
      </purpose>
      <contact>
    <individualName>
<givenName>CEDaR</givenName>          <surName>information</surName>
    </individualName>
<positionName>editor</positionName><electronicMailAddress>cedar.info@nmni.com</electronicMailAddress>      </contact>
      <methods>
            <methodStep>
                <description>
                    <para>Field observations</para>
                </description>
            </methodStep>
            <qualityControl>
                <description>
                    <para>Verified - Data verified by Ralph Forbes and Robert Northridge, BSBI Vice County Recorders for County Fermanagh.</para>
                </description>
            </qualityControl>
      </methods>

</dataset>

<additionalMetadata>
    <metadata>
      <gbif>
        <dateStamp>2021-03-29T09:38:28Z</dateStamp>
      <citation>Centre for Environmental Data and Recording (2019). Fermanagh Flora. Occurrence dataset https://doi.org/10.15468/naz4v7 accessed via GBIF.org on 2021-03-29.</citation>
              <resourceLogoUrl>https://registry.nbnatlas.org/data/dataProvider/cedar-logo-master-colour-landscape-2014.png</resourceLogoUrl>
        </gbif>
    </metadata>
</additionalMetadata>

</eml:eml>
