<?xml version="1.0" encoding="utf-8"?>
<eml:eml xmlns:eml="eml://ecoinformatics.org/eml-2.1.1" xmlns:xsi="http://www.w3.org/2001/XMLSchema-instance"
         xsi:schemaLocation="eml://ecoinformatics.org/eml-2.1.1 http://rs.gbif.org/schema/eml-gbif-profile/1.1/eml.xsd"
        packageId="ead6339f-39f8-46be-b059-d1c48d88ab29"  system="http://gbif.org" scope="system"
  xml:lang="en">

<dataset>
      <alternateIdentifier>10.15468/ddbs14</alternateIdentifier>
        <alternateIdentifier>http://vm-ipt.it.ntnu.no:8080/resource?r=marine_invertebrate_collection</alternateIdentifier>
        <alternateIdentifier>ead6339f-39f8-46be-b059-d1c48d88ab29</alternateIdentifier>
        <alternateIdentifier>https://gbif.vm.ntnu.no/ipt/resource?r=marine_invertebrate_collection</alternateIdentifier>
    <title>Marine invertebrate collection NTNU University Museum</title>
    <creator>
    <individualName>
<givenName>Torkild</givenName>          <surName>Bakken</surName>
    </individualName>
<organizationName>NTNU University Museum</organizationName><positionName>Senior Curator</positionName>    <address>
<deliveryPoint>NTNU University Museum</deliveryPoint><city>Trondheim</city><postalCode>NO-7491</postalCode><country>NORWAY</country>    </address>
<electronicMailAddress>torkild.bakken@ntnu.no</electronicMailAddress>      <userId directory="http://orcid.org/">0000-0002-5188-7305</userId>
    </creator>
    <creator>
    <individualName>
<givenName>Karstein</givenName>          <surName>Hårsaker</surName>
    </individualName>
<organizationName>NTNU University Museum</organizationName><positionName>Collection Manager</positionName>    <address>
<city>Trondheim</city><postalCode>NO-7491</postalCode><country>NORWAY</country>    </address>
<electronicMailAddress>karstein.harsaker@ntnu.no</electronicMailAddress>    </creator>
    <creator>
    <individualName>
<givenName>Marc</givenName>          <surName>Daverdin</surName>
    </individualName>
<organizationName>NTNU University Museum</organizationName><positionName>Engineer</positionName>    <address>
<city>Trondheim</city><postalCode>NO-7491</postalCode><country>NORWAY</country>    </address>
<electronicMailAddress>marc.daverdin@ntnu.no</electronicMailAddress>    </creator>
    <metadataProvider>
    <individualName>
<givenName>Torkild</givenName>          <surName>Bakken</surName>
    </individualName>
<organizationName>NTNU University Museum</organizationName><positionName>Senior curator</positionName>    </metadataProvider>
    <associatedParty>
    <individualName>
<givenName>Anders Gravbrøt</givenName>          <surName>Finstad</surName>
    </individualName>
<electronicMailAddress>anders.finstad@ntnu.no</electronicMailAddress>    <role>USER</role>
    </associatedParty>
      <pubDate>
      2021-03-29
      </pubDate>
    <language>ENGLISH</language>
    <abstract>
        <para>The marine invertebrate collections at the NTNU University Museum goes back to the activities initiated by Bishop Johan Ernst Gunnerus in the 1760&amp;#39;s (Bakken et al. 2011). Only a handful specimens in the collection date back to this period. From around 1870 an exploration and mapping of marine environments in central Norway started, initially the Trondheimsfjord, but later also coastal areas outside the fjord.

Sampling activities contributing preserved specimens have been at irregular intervals since the 1870s, and impact in number of objects and taxa represented has mainly been a result of several large projects. Apart from larger sampling programmes, small and single collecting activities has taken place over the period since the start. The collection holds about 120,000 records of most has been digitised.  

The geographic span of the records are mainly Norwegian waters. Within Norwegian waters a majority origins in the central part of Norway, including the 600 m deep Trondheimsfjord, and the costal areas outside the fjord. In addition there are samples from along the Norwegian coast, primarily north of the Trondheimsfjord, also representing the deep-sea areas in the Norwegian Sea, and from Svalbard. Samples from international marine environments are mainly from neighbouring Nordic countries. But also a number of samples from the Tristan da Cunha archipelago in the South Atlantic, resulting from the Norwegian Tristan da Cunha Expedition 1937-38.

All animal phyla with known representing high number of taxa world-wide are represented, but it is obvious from the holdings that some groups are overrepresented compared to others. This reflects the taxonomic expertise among the staff since Wilhelm Storm started exploring the Trondheimsfjord in the1870s (Mork &amp;amp; Sneli 2011). 

Norwegian waters has been important for describing new species in the early days of natural history explorations, thus representing type localities for a range of marine species described from the 18th century onwards (Oug et al. 2014). The collections at NTNU University Museum holds several type specimens, including from Tristan da Cunha, which has been described in detail (Bakken 1999).</para>
    </abstract>
        <keywordSet>
              <keyword>Occurrence</keyword>
              <keywordThesaurus>GBIF Dataset Type Vocabulary: http://rs.gbif.org/vocabulary/gbif/dataset_type.xml</keywordThesaurus>
        </keywordSet>
        <keywordSet>
              <keyword>Specimen</keyword>
              <keywordThesaurus>GBIF Dataset Subtype Vocabulary: http://rs.gbif.org/vocabulary/gbif/dataset_subtype.xml</keywordThesaurus>
        </keywordSet>
        <keywordSet>
              <keyword>Occurrence</keyword>
              <keywordThesaurus>GBIF Dataset Type Vocabulary: http://rs.gbif.org/vocabulary/gbif/dataset_type_2015-07-10.xml</keywordThesaurus>
        </keywordSet>
      <intellectualRights>
        <para>This work is licensed under a <ulink url="http://creativecommons.org/licenses/by/4.0/legalcode"><citetitle>Creative Commons Attribution (CC-BY) 4.0 License</citetitle></ulink>.</para>
      </intellectualRights>
      <maintenance>
          <description>
              <para></para>
          </description>
          <maintenanceUpdateFrequency>monthly</maintenanceUpdateFrequency>
      </maintenance>
      <contact>
    <individualName>
<givenName>Torkild</givenName>          <surName>Bakken</surName>
    </individualName>
<organizationName>NTNU University Museum</organizationName><positionName>Senior Curator</positionName>    <address>
<deliveryPoint>NTNU University Museum</deliveryPoint><city>Trondheim</city><postalCode>NO-7491</postalCode><country>NORWAY</country>    </address>
<electronicMailAddress>torkild.bakken@ntnu.no</electronicMailAddress>      </contact>
      <contact>
    <individualName>
<givenName>Karstein</givenName>          <surName>Hårsaker</surName>
    </individualName>
<organizationName>NTNU University Museum</organizationName><positionName>Collection Manager</positionName>    <address>
<postalCode>NO-7491</postalCode><country>NORWAY</country>    </address>
<electronicMailAddress>karstein.harsaker@ntnu.no</electronicMailAddress>      </contact>

</dataset>

<additionalMetadata>
    <metadata>
      <gbif>
        <dateStamp>2021-03-29T09:38:35Z</dateStamp>
      <citation>Bakken T, Hårsaker K, Daverdin M (2021). Marine invertebrate collection NTNU University Museum. Version 1.794. NTNU University Museum. Occurrence dataset https://doi.org/10.15468/ddbs14 accessed via GBIF.org on 2021-03-29.</citation>
              <resourceLogoUrl>https://gbif.vm.ntnu.no/ipt/logo.do?r=marine_invertebrate_collection</resourceLogoUrl>
        </gbif>
    </metadata>
</additionalMetadata>

</eml:eml>
