<?xml version="1.0" encoding="utf-8"?>
<eml:eml xmlns:eml="eml://ecoinformatics.org/eml-2.1.1" xmlns:xsi="http://www.w3.org/2001/XMLSchema-instance"
         xsi:schemaLocation="eml://ecoinformatics.org/eml-2.1.1 http://rs.gbif.org/schema/eml-gbif-profile/1.1/eml.xsd"
        packageId="ebf061ab-5f8a-4958-ad37-0f55e2a953e7"  system="http://gbif.org" scope="system"
  xml:lang="en">

<dataset>
      <alternateIdentifier>10.15468/juheoh</alternateIdentifier>
        <alternateIdentifier>https://bellatlas.umn.edu:443/collections/misc/collprofiles.php?collid=9</alternateIdentifier>
    <title>Bell Museum mollusks</title>
    <creator>
<organizationName>Bell Atlas</organizationName><electronicMailAddress>_</electronicMailAddress><onlineUrl>https://bellatlas.umn.edu:443/index.php</onlineUrl>    </creator>
    <metadataProvider>
<organizationName>Bell Atlas</organizationName><electronicMailAddress>_</electronicMailAddress><onlineUrl>https://bellatlas.umn.edu:443/index.php</onlineUrl>    </metadataProvider>
      <pubDate>
      2021-03-17
      </pubDate>
    <language>ENGLISH</language>
    <abstract>
        <para>Records of zoological specimens at J. F. Bell Museum of Natural Hitory (University of Minnesota)</para>
    </abstract>
      <intellectualRights>
        <para>To the extent possible under law, the publisher has waived all rights to these data and has dedicated them to the <ulink url="http://creativecommons.org/publicdomain/zero/1.0/legalcode"><citetitle>Public Domain (CC0 1.0)</citetitle></ulink>. Users may copy, modify, distribute and use the work, including for commercial purposes, without restriction.</para>
      </intellectualRights>
      <contact>
<organizationName>Bell Museum mollusks</organizationName><onlineUrl>https://www.bellmuseum.umn.edu/mollusks-crustaceans/</onlineUrl>      </contact>

</dataset>

<additionalMetadata>
    <metadata>
      <gbif>
        <dateStamp>2021-03-29T09:38:50Z</dateStamp>
      <citation>University of Minnesota Bell Museum (2021). Bell Museum mollusks. Occurrence dataset https://doi.org/10.15468/juheoh accessed via GBIF.org on 2021-03-29.</citation>
        </gbif>
    </metadata>
</additionalMetadata>

</eml:eml>
