<?xml version="1.0" encoding="utf-8"?>
<eml:eml xmlns:eml="eml://ecoinformatics.org/eml-2.1.1" xmlns:xsi="http://www.w3.org/2001/XMLSchema-instance"
         xsi:schemaLocation="eml://ecoinformatics.org/eml-2.1.1 http://rs.gbif.org/schema/eml-gbif-profile/1.1/eml.xsd"
        packageId="f2069019-06c4-40fc-97a4-6672134a1f1f"  system="http://gbif.org" scope="system"
  xml:lang="en">

<dataset>
      <alternateIdentifier>10.15468/elgwwi</alternateIdentifier>
        <alternateIdentifier>https://collections.ala.org.au/public/show/dr5416</alternateIdentifier>
        <alternateIdentifier>c7e3a597-6bbd-3b99-a563-d3f9a380d10e</alternateIdentifier>
        <alternateIdentifier>http://collections.ala.org.au/public/show/dr5416</alternateIdentifier>
        <alternateIdentifier>f2069019-06c4-40fc-97a4-6672134a1f1f</alternateIdentifier>
        <alternateIdentifier>f63e6952-eb29-3c8a-a7c0-545f63171bcd</alternateIdentifier>
        <alternateIdentifier>9808575b-caad-393e-a8e1-0181d8086185</alternateIdentifier>
    <title>The Living Murray Fish data</title>
    <creator>
<organizationName>The Living Murray Fish data</organizationName>    <address>
<deliveryPoint>51 Allara St</deliveryPoint><city>Canberra City</city><administrativeArea>ACT</administrativeArea><postalCode>2601</postalCode>    </address>
<onlineUrl>https://data.gov.au/dataset/the-living-murray-fish-data</onlineUrl>    </creator>
    <creator>
<organizationName>Murray-Darling Basin Authority</organizationName>    <address>
<deliveryPoint>51 Allara St</deliveryPoint><city>Canberra City</city><administrativeArea>ACT</administrativeArea><postalCode>2601</postalCode>    </address>
<phone>02 6279 0100</phone><electronicMailAddress>engagement@mdba.gov.au</electronicMailAddress><onlineUrl>https://www.mdba.gov.au/</onlineUrl>    </creator>
    <metadataProvider>
<organizationName>The Living Murray Fish data</organizationName>    <address>
<deliveryPoint>51 Allara St</deliveryPoint><city>Canberra City</city><administrativeArea>ACT</administrativeArea><postalCode>2601</postalCode>    </address>
<onlineUrl>https://data.gov.au/dataset/the-living-murray-fish-data</onlineUrl>    </metadataProvider>
    <associatedParty>
<organizationName>Atlas of Living Australia</organizationName>    <address>
<deliveryPoint>CSIRO Ecosystems Services</deliveryPoint><city>Canberra</city><administrativeArea>ACT</administrativeArea><postalCode>2601</postalCode><country>AUSTRALIA</country>    </address>
<electronicMailAddress>info@ala.org.au</electronicMailAddress>    <role>DISTRIBUTOR</role>
    </associatedParty>
      <pubDate>
      2020-06-17
      </pubDate>
    <language>ENGLISH</language>
    <abstract>
        <para>The Living Murray (TLM) Fish data extends from 2007 to 2012. The sampling program monitored species occurrence, age, size and recruitment of fish sampled at two of the six TLM Icon Sites: Barmah–Millewa Forest, and Gunbower–Koondrook–Perricoota Forest. 

See http://www.mdba.gov.au/managing-water/environmental-water/delivering-environmental-water/living-murray-program for more information about the Living Murray program.</para>
    </abstract>
      <intellectualRights>
        <para>This work is licensed under a <ulink url="http://creativecommons.org/licenses/by/4.0/legalcode"><citetitle>Creative Commons Attribution (CC-BY) 4.0 License</citetitle></ulink>.</para>
      </intellectualRights>
      <distribution scope="document">
          <online>
              <url function="information">https://collections.ala.org.au/public/show/dr5416</url>
          </online>
      </distribution>
      <contact>
    <individualName>
          <surName>MDBA Data Services</surName>
    </individualName>
<positionName>editor</positionName><electronicMailAddress>DataServices@mdba.gov.au</electronicMailAddress>      </contact>
      <methods>
      </methods>

</dataset>

<additionalMetadata>
    <metadata>
      <gbif>
        <dateStamp>2021-03-29T09:38:45Z</dateStamp>
      <citation>Murray-Darling Basin Authority (2020). The Living Murray Fish data. Occurrence dataset https://doi.org/10.15468/elgwwi accessed via GBIF.org on 2021-03-29.</citation>
        </gbif>
    </metadata>
</additionalMetadata>

</eml:eml>
