<?xml version="1.0" encoding="utf-8"?>
<eml:eml xmlns:eml="eml://ecoinformatics.org/eml-2.1.1" xmlns:xsi="http://www.w3.org/2001/XMLSchema-instance"
         xsi:schemaLocation="eml://ecoinformatics.org/eml-2.1.1 http://rs.gbif.org/schema/eml-gbif-profile/1.1/eml.xsd"
        packageId="10.15468/dl.pmuuse"  system="http://gbif.org" scope="system"
  xml:lang="en">

<dataset>
        <alternateIdentifier>0234706-200613084148143</alternateIdentifier>
    <title>GBIF Occurrence Download 10.15468/dl.pmuuse</title>
    <creator>
    <individualName>
          <surName>GBIF Download Service</surName>
    </individualName>
<electronicMailAddress>support@gbif.org</electronicMailAddress>    </creator>
    <metadataProvider>
    <individualName>
          <surName>GBIF Download Service</surName>
    </individualName>
<electronicMailAddress>support@gbif.org</electronicMailAddress>    </metadataProvider>
      <pubDate>
      2021-03-29
      </pubDate>
    <language>ENGLISH</language>
    <abstract>
        <para>A dataset containing all occurrences available in GBIF matching the query:
{
  &quot;and&quot; : [
    &quot;TaxonKey is one of (Astacoides betsileoensis Petit, 1923, Astacoides caldwelli (Spence Bate, 1865), Astacoides crosnieri Hobbs, 1987, Astacoides granulimanus Monod &amp; Petit, 1929, Astacoides madagascariensis Monod &amp; Petit, 1929, Astacopsis franklinii (Gray, 1845), Astacopsis gouldi Clark, 1936, Astacopsis tricornis Clark, 1936, Astacopsis fluviatilis Riek, 1969, Astacus astacus (Linnaeus, 1758), Astacus leptodactylus Eschscholtz, 1823, Astacus pachypus Rathke, 1836, Austropotamobius pallipes (Lereboullet, 1858), Austropotamobius torrentium (von Paula Schrank, 1803), Barbicambarus cornutus (Faxon, 1884), Cambaroides japonicus De Haan, 1841, Cambarellus chapalanus (Faxon, 1898), Cambarellus chihuahuae Hobbs, 1980, Cambarellus diminutus Hobbs, 1945, Cambarellus montezumae (de Saussure, 1857), Cambarellus ninae Hobbs, 1950, Cambarellus patzcuarensis Villalobos, 1943, Cambarellus prolixus Villalobos Figueroa &amp; Hobbs, 1981, Cambarellus puer Hobbs, 1945, Cambarellus schmitti Hobbs, 1942, Cambarellus shufeldtii (Faxon, 1884), Cambarellus texanus Albaugh &amp; Black, 1973, Cambarellus zempoalensis Villalobos, 1943, Cambaroides schrenckii (Kessler, 1874), Cambaroides similis (Koelbel, 1892), Cambarus acanthura Hobbs, 1981, Cambarus acuminatus Faxon, 1884, Cambarus bartonii bartonii, Cambarus batchi Schuster, 1976, Cambarus bouchardi Hobbs, 1970, Cambarus brimleyorum Cooper, 2006, Cambarus carinirostris Hay, 1914, Cambarus carolinus (Erichson, 1846), Cambarus causeyi Reimer, 1966, Cambarus chasmodactylus James, 1966, Cambarus chaugaensis Prins &amp; Hobbs, 1972, Cambarus conasaugaensis Hobbs &amp; Hobbs, 1962, Cambarus coosae Hobbs, 1981, Cambarus coosawattae Hobbs, 1981, Cambarus crinipes Bouchard, 1973, Cambarus cumberlandensis Hobbs &amp; Bouchard, 1973, Cambarus cymatilis Hobbs, 1970, Cambarus davidi Cooper, 2000, Cambarus deweesae Bouchard &amp; Etnier, 1979, Cambarus diogenes Girard, 1852, Cambarus dubius Faxon, 1884, Cambarus eeseeohensis Thoma, 2005, Cambarus elkensis Jezerinac &amp; Stocker, 1993, Cambarus fasciatus Hobbs, 1981, Cambarus friaufi Hobbs, 1953, Cambarus georgiae Hobbs, 1981, Cambarus girardianus Faxon, 1884, Cambarus halli Hobbs, 1968, Cambarus hamulatus (Cope &amp; Packard, 1881), Cambarus hiwasseensis Hobbs, 1981, Cambarus hobbsorum Cooper, 2001, Cambarus howardi Hobbs &amp; Hall, 1969, Cambarus hubbsi Creaser, 1931, Cambarus hubrichti Hobbs, 1952, Cambarus jezerinaci Thoma, 2000, Cambarus latimanus (Le Conte, 1856), Cambarus lenati Cooper, 2000, Cambarus longirostris Faxon, 1885, Cambarus longulus Girard, 1852, Cambarus ludovicianus Faxon, 1884, Cambarus maculatus Hobbs &amp; Pflieger, 1988, Cambarus manningi Hobbs, 1981, Cambarus nodosus Bouchard &amp; Hobbs, 1976, Cambarus ortmanni Williamson, 1907, Cambarus parrishi Hobbs, 1981, Cambarus polychromatus Thoma, Jezerinac &amp; Simon, 2005, Cambarus reflexus Hobbs, 1981, Cambarus robustus Girard, 1852, Cambarus rusticiformis Rhoades, 1944, Cambarus sciotensis Rhoades, 1944, Cambarus scotti Hobbs, 1981, Cambarus smilax Loughman, Simon &amp; Welsh, 2011, Cambarus speciosus Hobbs, 1981, Cambarus striatus Hay, 1902, Cambarus strigosus Hobbs, 1981, Cambarus tenebrosus Hay, 1902, Cambarus thomai Jezerinac, 1993, Cambarus unestami Hobbs &amp; Hall, 1969, Cambarus williami Bouchard &amp; Bouchard, 1995, Cherax albertisii (Nobili, 1899), Cherax albidus Clark, 1936, Cherax boesemani Lukhaup &amp; Pekny, 2008, Cherax cainii Austin &amp; Ryan, 2002, Cherax destructor Clark, 1936, Cherax gherardiae, Cherax glaber Riek, 1967, Cherax holthuisi Lukhaup &amp; Pekny, 2006, Cherax leckii Coughran, 2005, Cherax lorentzi J.Roux, 1911, Cherax monticola Holthuis, 1950, Cherax papuanus Holthuis, 1949, Cherax peknyi Lukhaup &amp; Herbert, 2008, Cherax preissii (Erichson, 1846), Cherax pulcher Lukhaup, 2015, Cherax quadricarinatus (von Martens, 1868), Cherax quinquecarinatus (Gray, 1845), Cherax tenuimanus Smith, 1912, Distocambarus carlsoni Hobbs, 1983, Distocambarus hunteri Fitzpatrick &amp; Eversole, 1997, Distocambarus youngineri Hobbs &amp; Carlson, 1985, Engaeus affinis Smith &amp; Schuster, 1913, Engaeus australis Riek, 1969, Engaeus cisternarius Suter, 1977, Engaeus cunicularius (Erichson, 1846), Engaeus curvisuturus Horwitz, 1990, Engaeus cymus (Clark, 1936), Engaeus disjuncticus Horwitz, 1990, Engaeus fossor (Erichson, 1846), Engaeus fultoni Smith &amp; Schuster, 1913, Engaeus granulatus Horwitz, 1990, Engaeus hemicirratulus Smith &amp; Schuster, 1913, Engaeus karnanga Horwitz, 1990, Engaeus laevis (Clark, 1941), Engaeus lengana Horwitz, 1990, Engaeus leptorhynchus Clark, 1939, Engaeus lyelli (Clark, 1936), Engaeus mairener Horwitz, 1990, Engaeus mallacoota Horwitz, 1990, Engaeus martigener Horwitz, 1990, Engaeus merosetosus Horwitz, 1990, Engaeus nulloporius Horwitz, 1990, Engaeus orientalis Clark, 1941, Engaeus orramakunna Horwitz, 1990, Engaeus phyllocercus Smith &amp; Schuster, 1913, Engaeus quadrimanus Clark, 1936, Engaeus sericatus Clark, 1936, Engaeus spinicaudatus Horwitz, 1990, Engaeus sternalis (Clark, 1936), Engaeus strictifrons (Clark, 1936), Engaeus tayatea Horwitz, 1990, Engaeus tuberculatus Clark, 1936, Engaeus urostrictus Riek, 1969, Engaeus victoriensis Smith &amp; Schuster, 1913, Engaewa reducta Riek, 1967, Engaewa similis Riek, 1967, Engaewa subcoerulea Riek, 1967, Engaewa walpolea Horwitz &amp; Adams, 2000, Euastacus armatus (von Martens, 1866), Euastacus australasiensis (H Milne Edwards, 1837), Euastacus bispinosus Clark, 1941, Euastacus brachythorax Riek, 1969, Euastacus clarkae Morgan, 1997, Euastacus claytoni Riek, 1969, Euastacus clydensis Riek, 1969, Euastacus crassus Riek, 1951, Euastacus dalagarbe Coughran, 2005, Euastacus dangadi Morgan, 1997, Euastacus dharawalus Morgan, 1997, Euastacus fleckeri (Watson, 1935), Euastacus girurmulayn Coughran, 2005, Euastacus gumar Morgan, 1997, Euastacus guruhgi Coughran, 2005, Euastacus guwinus Morgan, 1997, Euastacus hirsutus (McCulloch, 1917), Euastacus hystricosus Riek, 1951, Euastacus jagabar Coughran, 2005, Euastacus jagara Morgan, 1988, Euastacus kershawi (Smith, 1912), Euastacus maccai McCormack &amp; Coughran, 2008, Euastacus mirangudjin Coughran, 2002, Euastacus neohirsutus Riek, 1956, Euastacus pilosus Coughran &amp; Leckie, 2007, Euastacus polysetosus Riek, 1951, Euastacus reductus Riek, 1969, Euastacus rieki Morgan, 1997, Euastacus robertsi Monroe, 1977, Euastacus setosus (Riek, 1956), Euastacus simplex Riek, 1956, Euastacus spinichelatus Morgan, 1997, Euastacus spinifer (Heller, 1865), Euastacus sulcatus Riek, 1951, Euastacus suttoni Clark, 1941, Euastacus urospinosus (Riek, 1956), Euastacus yanga Morgan, 1997, Euastacus yarraensis (McCoy, 1888), Fallicambarus caesius Hobbs, 1975, Fallicambarus fodiens (Cottle, 1863), Fallicambarus gilpini Hobbs &amp; Robison, 1989, Fallicambarus gordoni Fitzpatrick, 1987, Fallicambarus oryktes Penn &amp; Marlow, 1959, Faxonella beyeri (Penn, 1950), Faxonella clypeata (Hay, 1899), Geocharax falcata Clark, 1941, Geocharax gracilis Clark, 1936, Gramastacus insolitus Riek, 1972, Ombrastacoides asperrimanus Hansen &amp; Richardson, 2006, Ombrastacoides brevirostris Hansen &amp; Richardson, 2006, Ombrastacoides decemdentatus Hansen &amp; Richardson, 2006, Ombrastacoides huonensis Hansen &amp; Richardson, 2006, Ombrastacoides leptomerus (Riek, 1951), Orconectes alabamensis (Faxon, 1884), Orconectes australis (Rhoades, 1941), Orconectes barri Buhay &amp; Crandall, 2008, Orconectes bisectus Rhoades, 1944, Orconectes causeyi Jester, 1967, Orconectes chickasawae Cooper &amp; Hobbs, 1980, Orconectes compressus (Faxon, 1884), Orconectes cristavarius Taylor, 2000, Orconectes durelli Bouchard &amp; Bouchard, 1995, Orconectes erichsonianus Faxon, 1898, Orconectes etnieri Bouchard &amp; Bouchard, 1976, Orconectes eupunctus Williams, 1952, Orconectes harrisonii (Faxon, 1884), Orconectes hathawayi Penn, 1952, Orconectes hobbsi Penn, 1950, Orconectes hylas (Faxon, 1890), Orconectes illinoiensis Brown, 1956, Orconectes immunis (Hagen, 1870), Orconectes indianensis (Hay, 1896), Orconectes inermis Cope, 1872, Orconectes jeffersoni Rhoades, 1944, Orconectes jonesi Fitzpatrick, 1992, Orconectes juvenilis (Hagen, 1870), Orconectes kentuckiensis Rhoades, 1944, Orconectes lancifer (Hagen, 1870), Orconectes leptogonopodus Hobbs, 1948, Orconectes limosus (Rafinesque, 1817), Orconectes luteus (Creaser, 1933), Orconectes macrus Williams, 1952, Orconectes maletae Walls, 1972, Orconectes marchandi Hobbs, 1948, Orconectes margorectus Taylor, 2002, Orconectes meeki (Faxon, 1898), Orconectes mississippiensis (Faxon, 1884), Orconectes nais (Faxon, 1885), Orconectes nana Williams, 1952, Orconectes neglectus (Faxon, 1885), Orconectes obscurus (Hagen, 1870), Orconectes ozarkae Williams, 1952, Orconectes pagei Taylor &amp; Sabaj, 1997, Orconectes palmeri longimanus (Faxon, 1898), Orconectes pardalotus Wetzel, Poly &amp; Fetzner, 2005, Orconectes peruncus (Creaser, 1931), Orconectes placidus (Hagen, 1870), Orconectes propinquus (Girard, 1852), Orconectes putnami (Faxon, 1884), Orconectes quadruncus (Creaser, 1933), Orconectes quinebaugensis Mathews &amp; Warren, 2008, Orconectes rafinesquei Rhoades, 1944, Orconectes ronaldi Taylor, 2000, Orconectes rusticus (Girard, 1852), Orconectes sanbornii sanbornii, Orconectes sheltae Cooper &amp; Cooper, 1997, Orconectes sloanii (Bundy, 1876), Orconectes spinosus (Bundy, 1877), Orconectes stannardi Page, 1985, Orconectes theaphionensis Simon, Timm &amp; Morris, 2005, Orconectes tricuspis Rhoades, 1944, Orconectes validus (Faxon, 1914), Orconectes virilis (Hagen, 1870), Orconectes williamsi Fitzpatrick, 1966, Pacifastacus fortis (Faxon, 1914), Pacifastacus gambelii (Girard, 1852), Pacifastacus leniusculus (Dana, 1852), Paranephrops planifrons White, 1842, Paranephrops zealandicus (White, 1847), Parastacus brasiliensis (von Martens, 1869), 1879, Parastacus defossus Faxon, 1898, Parastacus nicoleti (Philippi, 1882), Parastacus pilimanus (von Martens, 1869), Parastacus pugnax (Poeppig, 1835), Parastacus varicosus Faxon, 1898, Procambarus acanthophorus Villalobos F., 1948, Procambarus acutus acutus, Procambarus advena (Le Conte, 1856), Procambarus alleni (Faxon, 1884), Procambarus barbatus (Faxon, 1890), Procambarus braswelli Cooper, 1998, Procambarus caritus Hobbs, 1981, Procambarus cavernicola Mejía-Ortíz, Hartnoll &amp; Viccon-Pale, 2003, Procambarus clarkii (Girard, 1852), Procambarus clemmeri Hobbs, 1975, Procambarus cubensis (Erichson, 1846), Procambarus dupratzi Penn, 1953, Procambarus enoplosternum Hobbs, 1947, Procambarus fallax (Hagen, 1870), Procambarus fallax f. virginalis Martin, Dorn, Kawai, van der Heiden &amp; Scholtz, 2010, Procambarus gracilis (Bundy, 1876), Procambarus hagenianus (Faxon, 1884), Procambarus hayi (Faxon, 1884), Procambarus hinei (Ortmann, 1905), Procambarus howellae Hobbs, 1952, Procambarus jaculus Hobbs &amp; Walton, 1957, Procambarus kensleyi Hobbs, 1990, Procambarus leonensis Hobbs, 1942, Procambarus llamasi Villalobos, 1954, Procambarus lunzi (Hobbs, 1940), Procambarus machardyi Walls, 2006, Procambarus milleri Hobbs, 1971, Procambarus ortmannii (Villalobos, 1949), Procambarus paeninsulanus (Faxon, 1914), Procambarus pallidus (Hobbs, 1940), Procambarus pearsei (Creaser, 1934), Procambarus penni Hobbs, 1951, Procambarus pictus (Hobbs, 1940), Procambarus planirostris Penn, 1953, Procambarus pubescens (Faxon, 1884), Procambarus pubischelae Hobbs, 1942, Procambarus pygmaeus Hobbs, 1942, Procambarus raneyi Hobbs, 1953, Procambarus regiomontanus Villalobos F., 1954, Procambarus seminolae Hobbs, 1942, Procambarus spiculifer (Le Conte, 1856), Procambarus suttkusi Hobbs, 1953, Procambarus talpoides Hobbs, 1981, Procambarus toltecae Hobbs, 1943, Procambarus truculentus Hobbs, 1954, Procambarus vazquezae Villalobos F., 1954, Procambarus versutus (Hagen, 1870), Procambarus viaeviridis (Faxon, 1914), Procambarus vioscai Penn, 1946, Procambarus youngi Hobbs, 1942, Procambarus zihuateutlensis Villalobos, 1951, Procambarus zonangulus Hobbs &amp; Hobbs, 1990, Samastacus spinifrons (Philippi, 1882), Spinastacoides inermis (Clark, 1939), Spinastacoides insignis (Clark, 1939), Virilastacus retamali Rudolph &amp; Crandall, 2007, Virilastacus rucapihuelensis Rudolph &amp; Crandall, 2005)&quot;,
    &quot;HasCoordinate is true&quot;
  ]
}
The dataset includes records from the following constituent datasets. The full metadata for each constituent is also included in this archive:
1 records from Données du partenariat Imerys - UMS PatriNat - 2018-2020
1 records from Field Study Group of the Dutch Mammal Society (NL) - 2006 - Mammal Survey Galicica National Park, Macedonia
1 records from DREAL_PACA_-_N2000_-_Syndicat_Mixte_du_SCOT_Roya_Riviera_2017_12_18
1 records from GEO Biodiversity Day
1 records from SER Site-based Surveys
1 records from Artenvielfalt auf den Elbwiesen (Dessau)
1 records from GEO-Hauptveranstaltung (Duisburg)
1 records from Nottekanal, Klasse 7 - 10
1 records from Schulhof und Anlagensee in Nellingen
1 records from Vorderer Tiergarten (Dessau)
1 records from Wupperaue bei Kemna (Wuppertal)
1 records from Patrick Roper’s Notebooks
1 records from Ecological surveys from Bardon Hill undertaken in the period 2000 to 2007
1 records from Lustadter Wald .
1 records from Crustacea collection of the Finnish Museum of Natural History
1 records from Données naturalistes de Frédéric CHICHE
1 records from Transferts SI Faune - Données naturalistes opportunistes de Cedric DEVILLEGER
1 records from Données naturalistes de Damien AVRIL
1 records from PROSERPINE_2017_12_18
1 records from Données espèces - Expertise IQE 306
1 records from Inventaire de la réserve zoologique de la Haute Touche (Indre)
1 records from Données naturalistes de Lilian LEONARD
1 records from Fermanagh Flora
1 records from Données naturalistes de DELACAUCHY Gaëlle
1 records from Crustacea Collection - Instituto Nacional de Pesquisas da Amazônia (INPA)
1 records from Bernice P. Bishop Museum
1 records from Inventaire éclair de Natureparif - Année 2015
1 records from Löydös Open Invasive Alien Species Observations
1 records from Collections of Bioclass, school #179, Moscow
1 records from Paleobiology Database
1 records from TWIC Biodiversity Field Trip Data (1995-present)
1 records from Fife Nature Records Centre combined dataset
1 records from Données du/de la naturaliste Nicanor Hubert provenant de la base de donnée du SINP Île-de-France CETTIA
1 records from Parc_Naturel_Régional_des_Préalpes_d&apos;Azur_2017_12_18
1 records from Tour_du_Valat_2017_12_18
1 records from Données du naturaliste Tillier Pierre provenant de la base de donnée du SINP Île-de-France CETTIA
1 records from Données naturalistes de Severine GUYOT
1 records from City of Kalamunda Biodiversity Inventory
1 records from Observations diverses réalisées à l&apos;occasion de l&apos;inventaire entomologique des ZNIEFF de Martinique
1 records from Données de la naturaliste Klaire Houeix
1 records from BioFresh Pond Data
1 records from Auckland Museum NZ Marine Collection
1 records from Conventions d’étude sur la biodiversité française – Partenariats du Service du patrimoine naturel
1 records from Observations occasionnelles dans la RNN Etang de Saint-Paul avant le 31/12/2017
1 records from Natagriwal ; Observations made from operations within Natura 2000 habitats and other semi-natural areas
1 records from RNF - Données du Syndicat de Gestion des Gorges de l&apos;Ardêche
1 records from UAM Insect Observations (Arctos)
1 records from Données de la structure Seine-et-Marne Environnement provenant de la base de donnée du SINP Île-de-France CETTIA
1 records from Naturalis Biodiversity Center (NL) - Crustacea
1 records from Données du Parc Naturel Régional du Vexin provenant de la base de donnée du SINP Île-de-France CETTIA
1 records from Données du/de la naturaliste Villalta Rémi provenant de la base de donnée du SINP Île-de-France CETTIA
1 records from Inventory and BioBlitz Records from rare Charitable Research Reserve
1 records from Australian National Wildlife Collection provider for OZCAM
1 records from SLU Aqua Institute of Coastal Research Database for Coastal Fish - KUL
1 records from Données de la structure Département 91 provenant de la base de donnée du SINP Île-de-France CETTIA
1 records from Données du naturaliste JAPIOT Xavier provenant de la base de donnée du SINP Île-de-France CETTIA
1 records from Staffordshire Wildlife Trust Nature Reserves Inventory
1 records from Invasive Non-Native Species
1 records from Records of protected animals species in Ukraine
1 records from Propuesta de diagnóstico, erradicación y monitoreo post-erradicación, de especies exóticas invasoras en oasis de Baja California Sur, centrándose en las dos más relevantes: rana toro Lithobates catesbeianus y manto de cristo Cryptostegia grandiflora
1 records from Communauté_de_communes_Asse_Bléone_Verdon_2017_12_18
1 records from Field Study Group of the Dutch Mammal Society (NL) - 2004 - Mammal Survey Rakitovec, Slovenia
1 records from Données naturalistes de Laurent PONCET
1 records from Données du/de la naturaliste Fontigny Anne provenant de la base de donnée du SINP Île-de-France CETTIA
1 records from Données naturalistes d&apos;Aurélien CABARET
1 records from RNF - Données du Conservatoire d&apos;espaces naturel Limousin
1 records from CarNET B - Lot 2013
1 records from Inventaire et suivis d&apos;espèces dans le Parc national des Cévennes
1 records from Wairambar Rainforest Species List
1 records from Ecosphère_2017_12_18
1 records from Alien Species in Poland - Animals
1 records from Données Faune ANEPE Caudalis 2017
1 records from Données du naturaliste Larregle Guillaume provenant de la base de donnée du SINP Île-de-France CETTIA
1 records from Grenzturm Hohen Neuendorf
1 records from verschiedene Kleingewässer um Oldenburg/Holstein
1 records from Stever
1 records from Schwanseepark (87645 Schwangau)
1 records from Naturschutzgebiet Lippeaue (Marl) - Pfadis in Sickingmühle
1 records from Naturerlebnisraum Koppelsberg (Plön)
1 records from Landschaftspark St.Leonhard-Deisendorf
1 records from AKG-Gelände in Bensheim
1 records from Heider Bergsee (Brühl)
1 records from Kinderwald Hannover
1 records from Données de la base Ecosphère
1 records from Biosphärenpark Wienerwald - Wiener Steinhofgründe
1 records from Art´n Vielfalt im Kinderwald
1 records from Yorkshire Wildlife Trust - Non-sensitive records from all taxonomic groups
1 records from NaGISA Project
1 records from Diagnostic initial de 2014
1 records from Biosphärenpark Wienerwald - Pfaffstätten
1 records from LBV 100 - Artenvielfalt am Rothsee
1 records from Artenvielfalt im Rhein-Neckar-Raum
1 records from Biotope in Rheine - Aktion 350
1 records from Rur
1 records from Parkuntersuchung Weißer See
1 records from Données du naturaliste Danten Benoît provenant de la base de donnée du SINP Île-de-France CETTIA
1 records from Données de la structure Naturessonne provenant de la base de donnée du SINP Île-de-France CETTIA
1 records from Données de la naturaliste Giordano Charlotte provenant de la base de donnée du SINP Île-de-France CETTIA
1 records from Dorset Sites of Nature Conservation Interest (SNCI) species records 2000-2008
1 records from Flora und Fauna im Brexbachtal
1 records from Natural History Museum (London) Collection Specimens
1 records from Carnet B Centre - lot 2012
1 records from Données Faune de l&apos;Agence des Espaces Verts (AEV) d&apos;Ile de France
2 records from UAM Invertebrate Collection (Arctos)
2 records from Collection Crustacea - SNSD
2 records from Museu Darder de Banyoles
2 records from JRS Wetands data Rwanda, 2019
2 records from Kohlstattbrunnental
2 records from Données naturalistes de l&apos;AGUPE (Association Générale d&apos;Urbanisme et de Protection de l&apos;Environnement)
2 records from Données du/de la naturaliste Chevreau David provenant de la base de donnée du SINP Île-de-France CETTIA
2 records from Las colecciones del Museu Valencià d&apos;Història Natural
2 records from Rotherham Biological Records Centre - Non-sensitive Records from all taxonomic groups
2 records from Données du parc national de la Vanoise
2 records from Cumbria Non Native Invasive Species
2 records from Données naturalistes de Benoit LECAPLAIN
2 records from Données du/de la naturaliste Bottinelli Julien provenant de la base de donnée du SINP Île-de-France CETTIA
2 records from BoBO - Botanic Garden and Botanical Museum Berlin Observations
2 records from Anymals+plants - Citizen Science Data
2 records from Marine invertebrate collection NTNU University Museum
2 records from Données naturalistes de Xavier CUCHERAT
2 records from Export des données de pêche électrique - mars 2018
2 records from Atlas de la Biodiversité de Seine-et-Marne - volet 2
2 records from Survey of White-clawed crayfish Austropotamobius pallipes in Scotland
2 records from Rapportage des données de pêche électriques
2 records from Seguimiento a la Fauna presente en las Actividades de Mantenimiento realizadas entre la Empresa de Acueducto y Alcantarillado de Bogotá ESP y Aguas de Bogotá SA ESP en los Parques Ecológicos Distritales de Humedal, Bogotá D.C.
2 records from Inventaire &quot;Espaces Naturels Sensibles&quot; de Marthe (SAINT-SEVER-MONTGAILLARD)
2 records from Shire Group IDB species data 2004 to present
2 records from Lund Museum of Zoology (MZLU)
2 records from Données naturalistes de SWIFT Olivier
2 records from Römertal (Steinpleis)
2 records from Données naturalistes de Gilbert COCHET
2 records from Radnorshire Wildlife Trust records held by BIS
2 records from VIS - Estuarine monitoring in Flanders, Belgium (post 2013)
2 records from Jeu de données convention FEGVE-SPN-2012-2016
2 records from Crustáceos estomatópodos, anfípodos, isópodos y decápodos del litoral de Quintana Roo
3 records from NRW Regional Data: North Wales
3 records from ALERT Non-Native Species Records for Signal Crayfish
3 records from SIO Benthic Invertebrate Collection
3 records from Natural History Museum Rotterdam - Specimens
3 records from Observations naturalistes et collection entomologique de Julien TOUROULT
3 records from Freshwater Lamprey Survey Data
3 records from Données de la structure Ville de Paris provenant de la base de donnée du SINP Île-de-France CETTIA
3 records from Biodiverskripsi: Biodiversity Theses Database
3 records from University of Alberta Freshwater Invertebrate Collection (UAFIC)
3 records from Wingecarribee Shire Council Macroinvertebrate Sampling
3 records from RNF - Données de la Fédération des Réserves Catalanes
3 records from Données naturalistes de Monsieur PRESSE Tony
3 records from Données de la structure ONEMA/AFB provenant de la base de donnée du SINP Île-de-France CETTIA
3 records from AM: Freshwater Invertebrates (1900-2005)
3 records from Sciences participatives sur les espèces animales introduites (EEE-FIF)
3 records from TestWat - Macroinvertebrates and macrophytes of freshwater bodies in Flanders, Belgium
3 records from Système d’Information Régional sur la Faune et la Flore - FNE Centre-Val de Loire - Données saisies entre 01-01-2017 et 31-03-2018
3 records from Données naturalistes de Julien BIRARD [Inventaire Eclair 18 juin]
3 records from Museu de Ciències Naturals de Barcelona: MCNB-Art
4 records from Macroinvertebrate abundance data from the littoral zone of a number of large New Zealand lakes
4 records from Données d&apos;observateurs divers (observateurs transmettant un nombre de données peu élevé) saisies dans Cettia-idf
4 records from NatureShare
4 records from DREAL_PACA_-_N2000_-_Office_National_des_Forêts_06_2017_12_18
4 records from Portuguese Decapoda Crustacea - Museu Nacional de História Natural e da Ciência collections
4 records from Données DORIS de la FFESSM
4 records from Inventaire et suivi Ecrevisses
4 records from Données naturalistes de Cédric JACQUIER
4 records from Fauna acuática de importancia ecológica (crustáceos, insectos y peces) de la cuenca del río Moctezuma Querétaro-Hidalgo
4 records from Données de la structure Fédération 77 de Pêche et Protection du Milieu aquatique provenant de la base de donnée du SINP Île-de-France CETTIA
4 records from DREAL_PACA_-_N2000_-_Naturalia_2017_12_18
4 records from Données 2014 de l&apos;Observatoire de la Biodiversité des Forêts
4 records from RNF - Données de l&apos;Association GEREPI (GEstion de la REserve naturelle nationale du PInail)
5 records from Ireland&apos;s BioBlitz
5 records from Atlantic Reference Centre Museum of Canadian Atlantic Organisms - Invertebrates and Fishes Data
5 records from Estonian Nature Observations Database
5 records from Données naturalistes de WITTS Antony
5 records from Données naturalistes de Xavier JAPIOT
5 records from RNF - Données du Parc Naturel Régional du Vercors
5 records from Wetland Invertebrate and Environmental Data 2010 Sampling Events
5 records from Crustacean collection of the National Museum of Nature and Science
5 records from ONF_2017_12_18
5 records from INNS Data: All Taxa (West Wales)
5 records from Parc_Naturel_Régional_du_Verdon_2017_12_18
5 records from Marine Invertebrata specimen database of Osaka Museum of Natutal History
5 records from Auburn University Museum of Natural History Mollusks
6 records from EDP Foz Tua: Arthropoda – Environmental Impact Assessment [2006-2008]
6 records from Monitoring data from the federal state Berlin (Germany)
6 records from Parc_Naturel_Régional_du_Luberon_2017_12_18
6 records from Données du naturaliste ducourneau philippe provenant de la base de donnée du SINP Île-de-France CETTIA
6 records from Terrestrial and limnic invertebrates systematic collection, NTNU University Museum
6 records from Données naturalistes de Vincent Prié
6 records from Limnic freshwater benthic invertebrates biogeographical mapping/inventory NTNU University Museum
6 records from Données opportunistes
6 records from Museo Argentino de Ciencias Naturales &quot;Bernardino Rivadavia&quot; (MACN). Invertebrates National Collection (MACNIn)
6 records from DREAL_PACA_-_N2000_-_Conseil_Général_83_2017_12_18
7 records from CEDaR Online Recording
7 records from Données naturalistes de CERCOPE (Jean-Louis PRATZ)
7 records from KUBI Invertebrate Zoology Collection
7 records from Inventaire des poissons et crustacés d&apos;eau douce capturés au filet maillant, nasse et pêche électrique dans la Réserve naturelle de l’Étang de Saint-Paul en 2012 et 2016
7 records from BRERC Notable Species records within the last 10 years
7 records from LERN Invasive Non-native Species Records
7 records from Inventaire et regroupement de données Natura 2000
7 records from Stuart M. Fullerton Collection of Arthropods (UCFC), University of Central Florida
7 records from Ontario BioBlitz Species Records
7 records from Données de la structure Département 77 provenant de la base de donnée du SINP Île-de-France CETTIA
7 records from NINA Artskart data
8 records from Inventaire des Crustacés Décapodes de France métropolitaine. Données du compte CardObs 1113
8 records from Données naturalistes de Pierre-Yves NOEL
8 records from Dreal Corse - Base Ogreva
8 records from DREAL_PACA_-_N2000_-_SMIGIBA_2017_12_18
8 records from Centre for Biodiversity Genomics - Canadian Specimens
8 records from DIBA-Parc del Montnegre i el Corredor
8 records from INNS Data: All Taxa (South East Wales)
9 records from Leicestershire and Rutland Environmental Records Centre records 2015-2019
9 records from Système d’évaluation de l’état des Eaux (SEEE) - Invertébrés
9 records from Montgomeryshire Wildlife Trust records held by BIS
9 records from Données faune Indre Nature 2016-2017
10 records from Monitoring data from the federal state Bavaria (Germany)
10 records from Collated IRTU Freshwater Surveys
11 records from Invertebrates excl. Entomology at the Natural History Museum of Denmark
11 records from Données naturalistes de Pierre NOEL (pnoel)
11 records from Gunma Museum of Natural History, Crustacea Specimens
12 records from Marine invertabrate(ARTHROPODA) specimen database of Osaka Museum of Natural History
12 records from Records of Invasive Non Native Species held on the Cofnod database
12 records from Efectos del Cambio Ambiental en las comunidades de organismos de los ríos mediterráneos
12 records from Monitoring data from the federal state Mecklenburg-Western Pomerania (Germany)
13 records from RBINS DaRWIN
13 records from Observations occasionnelles Parc national des Pyrénées
13 records from Biodiversidad selecta de los humedales de Laguna de Términos - Pantanos de Centla (Crustáceos)
13 records from Royal Belgian Institute of Natural Sciences Crustacea collection
13 records from VIS - Fishes in estuarine waters in Flanders, Belgium
13 records from Environment Agency white-clawed crayfish Survey of the River Lune Catchment 2004
14 records from Brecknock Wildlife Trust (Now WTSWW Brecknockhire) records held by BIS
14 records from Données de faune aquatique
15 records from DREAL_PACA_-_N2000_-_Communauté_de_Communes_du_Guillestrois_2017_12_18
15 records from Données photographiques validées de la galerie du forum &quot;Le Monde des Insectes&quot;
16 records from City of Amsterdam (NL) - Fyke Fishing Piet Ruiter
17 records from CPERC Combined Dataset
17 records from DREAL_PACA_-_N2000_-_Parc_Naturel_Régional_du_Luberon_2017_12_18
17 records from Transmissions de données opportunistes du Parc Naturel Régional Périgord-Limousin (PNRPL)
18 records from LERN Records
18 records from InvBasa UN
18 records from Monitoring data from the federal state Hesse (Germany)
18 records from Registros del inventario y monitoreo de la Biodiversidad en la Jurisdicción de la Corporación Autónoma Regional de Cundinamarca CAR
20 records from Abundances and biological traits of fish sampled by electrofishing (except specific abundance indices) on the River Oir since 1988 (France).
21 records from Système d’Information Régional sur la Faune et la Flore - FNE Centre-Val de Loire - Données 2016
22 records from Données du Parc Naturel Régional de la Haute Vallée de Chevreuse provenant de la base de donnée du SINP Île-de-France CETTIA
23 records from Données d&apos;observation d&apos;écrevisses exotiques envahissantes en Nouvelle Aquitaine sur la période 2014 à 2018
23 records from The Living Murray Fish data
25 records from Hatikka Observation Database
25 records from Monitoring data from the federal state Rhineland-Palatinate (Germany)
26 records from Dorset SW Pilot species dataset
26 records from Invertebrates Collection of the Swedish Museum of Natural History
27 records from Parc_National_des_Ecrins_2017_12_18
27 records from Données des réserves naturelles nationales gérées par la Ligue pour la protection des oiseaux (LPO)
28 records from Application INPN Espèces: Observations naturalistes, participatives et opportunistes, fondées sur des photographies
29 records from Ocean Genome Legacy Collection
29 records from NRW Regional Data: South East Wales Non-sensitive species
30 records from Canberra Nature Map
30 records from Monitoring data from the federal state Saxony-Anhalt (Germany)
31 records from Regroupement de données d&apos;espèces exotiques
31 records from Données de l&apos;AFB acquises selon le protocole de pêche par ambiance
32 records from BioFokus
35 records from Collection Crustacea - ZMB
38 records from Données acquises dans le cadre de l&apos;activité du bureau d&apos;étude BIOTOPE (1994 - 2013)
38 records from DIBA-Parc Natural del Montseny
39 records from DREAL_PACA_-_N2000_-_Parc_Naturel_Régional_du_Verdon_2017_12_18
39 records from Northern Territory Museum and Art Gallery provider for OZCAM
40 records from Données d&apos;observation d&apos;écrevisses exotiques envahissantes en Provence Alpes Côte d&apos;Azur et Corse sur la période 2014 à 2018
42 records from DDT05_2017_12_18
44 records from Monitoring data from the federal state Saxony (Germany)
45 records from National indicator data for river condition in New Zealand
46 records from Observations faune et flore du Parc national des Écrins
48 records from The Danish Environmental Portal, species and habitats-database &quot;Danmarks Miljøportals Naturdatabase&quot;
49 records from Invertebrate Site Register - England (1738-2005).
52 records from National Trust Species Records
53 records from Diveboard - Scuba diving citizen science observations
54 records from Leicestershire and Rutland Environmental Records Centre records 2010-2014
54 records from Azorean Biodiversity Portal
55 records from Monitoring data from the federal state North Rhine-Westphalia (Germany)
55 records from Données sur les écrevisses du bassin versant de l&apos;Alagnon
58 records from Données ONF faune-flore-fonge
59 records from All taxa records for Leicestershire and Rutland
62 records from Inventaires faune
62 records from Données naturalistes faune du Conservatoire des espaces naturels Auvergne saisies avant le 18 février 2019.
63 records from SEWBReC Myriapods, Isopods, and allied species (South East Wales)
63 records from RNF - Données de l&apos;association de la RN du lac de Remoray
64 records from Miscellaneous records held by BIS
64 records from BRERC species records from all years at full resolution excluding Notable Species within the last 10 years
65 records from ALA species sightings and OzAtlas
65 records from Cawthron Institute freshwater invertebrate data
67 records from Données de l&apos;AFB acquises selon le protocole de pêche partielle sur berges
68 records from Données d&apos;observation d&apos;écrevisses exotiques envahissantes en Haut de France et Normandie sur la période 2014 à 2018
69 records from Rare and Protected Species Records Across Wales 1975 to 2012
71 records from Biodiversity4all Research-Grade Observations
71 records from Norwegian Biodiversity Information Centre - Other datasets
82 records from Earth Guardians Weekly Feed
82 records from WildNet - Queensland Wildlife Data
82 records from Leicestershire and Rutland Invasive Non-Native Species
82 records from CEN_PACA_2017_12_18
83 records from INNS records held by BIS in Powys and Brecon Beacons National Park
87 records from Limnodata
87 records from Norwegian Species Observation Service
91 records from ArtenFinder
92 records from UF Invertebrate Zoology
97 records from Collection Crustacea SMF
99 records from AquaInvaders
100 records from Invasive Alien Species in Denmark
108 records from Queen Victoria Museum Art Gallery provider for OZCAM
114 records from Données de présence collectées sur les écrevisses
116 records from Données d&apos;occurrence Espèces issues de la base Natura 2000 : espèces d&apos;intérêt communautaire et autres espèces remarquables renseignées dans les FSD
117 records from VIS - Reference freshwater monitoring in Flanders, Belgium (post 2013)
117 records from Données de l&apos;Observatoire de la Faune de Bourgogne
129 records from Bell Museum mollusks
131 records from Données faune, flore et fonge du Conservatoire des espaces naturels de Picardie
144 records from Recent Invertebrates Specimens
154 records from Données d&apos;observation d&apos;écrevisses exotiques envahissantes sur la période 2014 à 2018
154 records from DEMNA-DNE : Occurrences of benthic macroinvertebrates in running waters of Wallonia, Belgium
159 records from Données d&apos;observation d&apos;écrevisses exotiques envahissantes en Bretagne et Pays de Loire sur la période 2014 à 2018
160 records from Leicestershire and Rutland Environmental Records Centre records 2000-2009
161 records from CNCR/Colección Nacional de Crustaceos
161 records from Royal BC Museum - Invertebrates Collection
168 records from Gloucestershire Historic Wildlife Sightings prior to 1st Jan 2000
172 records from MDFRC macroinvertebrate survey
172 records from Observations naturalistes des Amis de BioObs.
179 records from Estonian Naturalists’ Society
190 records from VIS - Fishes in inland waters in Flanders, Belgium
190 records from NIEK_NES
196 records from CLICNAT Base de données naturaliste picarde gérée par Picardie Nature
213 records from Tasmanian Museum and Art Gallery provider for OZCAM-Arthropoda
214 records from Tasmanian Museum and Art Gallery provider for OZCAM
220 records from Waarnemingen.be - Non-native animal occurrences in Flanders and the Brussels Capital Region, Belgium
238 records from Data collected on citizen science web portal www.ornitho.cat
246 records from Carnet B Lorraine
260 records from Observations.be - Non-native species occurrences in Wallonia, Belgium
272 records from Data from Defra Family Organisations supplied to Staffordshire Ecological Record
273 records from Crayfish data update for Environment Agency Thames Region March 2009
274 records from SER Species-based Surveys
293 records from Inventaire astacicole du site Natura 2000 « Affluents rive droite de la Truyère amont » année 2017
307 records from South Australian Museum Australia provider for OZCAM
309 records from Biodiversidad de crustáceos dulceacuícolas del centro de Nuevo León y noroeste de Tamaulipas (R53, Río San Juan y Río Pesqueria)
313 records from Queensland Museum provider for OZCAM
325 records from Museums Victoria provider for OZCAM
339 records from Suffolk Biodiversity Information Service (SBIS) Dataset
341 records from Biodiversitätsdatenbank Salzburg
346 records from Données d&apos;observation d&apos;écrevisses exotiques envahissantes en Occitanie sur la période 2014 à 2018
350 records from Natural Resources Wales Regional Data : Mid-Wales
362 records from Shropshire Ecological Data Network database
366 records from Auburn University Museum of Natural History Invertebrates
368 records from Amis_des_Marais_du_Vigueirat_2017_12_18
377 records from Alien macro-invertebrates in Flanders, Belgium
378 records from Leicestershire and Rutland Environmental Records Centre records pre 2000
387 records from Biodiversity Research and Teaching Collections - TCWC Marine Invertebrates
399 records from Invertebrate Zoology Division, Yale Peabody Museum
400 records from Northern Ireland Environment Agency (NIEA) Collated Species Records
404 records from Invasive species - American bullfrog (Lithobates catesbeianus) in Flanders, Belgium
406 records from Field Museum of Natural History (Zoology) Invertebrate Collection
432 records from Leicestershire and Rutland Protected and Conservation Priority/BAP Specie
442 records from UK Biodiversity Action Plan Invertebrate Data for Wales
443 records from naturgucker
470 records from OEH Atlas of NSW Wildlife
514 records from Atlas des poissons d&apos;eau douce de France métropolitaine (2001)
521 records from Données d&apos;occurrences Espèces issues de l&apos;inventaire des ZNIEFF
529 records from International Barcode of Life project (iBOL)
533 records from Enquête DREAL Auvergne Ecrevisses
539 records from SA Fauna (BDBSA)
565 records from USGS Nonindigenous Aquatic Species database
587 records from Computarización de la Colección Nacional de Crustáceos del Instituto de Biología, UNAM y elaboración de su catálogo
613 records from Welsh Invertebrate Database (WID)
618 records from DBRC Austropotamobius pallipes records 1960 - 2015
785 records from Dutch Foundation for Applied Water Research (STOWA) - Limnodata Neerlandica
902 records from Australian Museum provider for OZCAM
964 records from Données faune pour le rapportage européen DHFF-DO 2018
982 records from Données de l&apos;AFB acquises selon le protocole de pêche partielle par points
1000 records from Canadian Museum of Nature Crustacea Collection
1002 records from Museum of Comparative Zoology, Harvard University
1044 records from NBIS Records to December 2016
1078 records from Collections and observation data National Museum of Natural History Luxembourg
1163 records from NINA Vanndata øvrige arter
1208 records from Derbyshire &amp; Peak District Protected Species Database (Summary of  available records 1970- 2008)
1289 records from Geographically tagged INSDC sequences
1389 records from Environment Agency England and Wales (2012) Non-native Species records v1
1527 records from Biologiezentrum Linz
1785 records from DEMNA-DNE : Exotic animal occurrences in Wallonia, Belgium
1847 records from Tasmanian Natural Values Atlas
1851 records from Artportalen (Swedish Species Observation System)
1963 records from Inventaire national des Crustacés Décapodes de France métropolitaine
2501 records from England Non Native Species records 1965 to 2017
2642 records from River Biologists&apos; Database (EPA)
2685 records from Observation.org, Nature data from around the World
2812 records from Données de l&apos;AFB acquises selon le protocole de pêche complète à un ou plusieurs passages
2951 records from NCSM Non-molluscan Invertebrates Collection
3961 records from Banco de Datos de la Biodiversidad de la Comunitat Valenciana
5155 records from Victorian Biodiversity Atlas
5321 records from NMNH_material_samples
5435 records from iNaturalist Research-grade Observations
5633 records from Enquête nationale Écrevisses
6200 records from NMNH Extant Specimen Records
6553 records from Environment Agency Rare and Protected Species Records
8895 records from Crayfish (Crustacea; Astacura) data for Britain and Ireland to 2003
13818 records from SLU Aqua  Institute of Freshwater Research Swedish Electrofishing Registry - SERS
</para>
    </abstract>
      <contact>
    <individualName>
          <surName>GBIF Download Service</surName>
    </individualName>
<electronicMailAddress>support@gbif.org</electronicMailAddress>      </contact>

</dataset>

<additionalMetadata>
    <metadata>
      <gbif>
        <dateStamp>2021-03-29T09:38:58Z</dateStamp>
      <citation identifier="10.15468/dl.pmuuse">GBIF Occurrence Download 10.15468/dl.pmuuse</citation>
              <physical>
                  <objectName>Darwin Core Archive</objectName>
                  <characterEncoding>UTF-8</characterEncoding>
                  <dataFormat>
                      <externallyDefinedFormat>
                          <formatName>Darwin Core Archive</formatName>
                      </externallyDefinedFormat>
                  </dataFormat>
                  <distribution>
                      <online>
                          <url function="download">https://api.gbif.org/v1/occurrence/download/request/0234706-200613084148143.zip</url>
                      </online>
                  </distribution>
              </physical>
        </gbif>
    </metadata>
</additionalMetadata>

</eml:eml>
